date,close,volume,marketCap
2019-02-24,2.7515859138045364,9264.589771779874,0.0
2019-02-25,3.0023968122350664,528.4218389533717,0.0
2019-02-26,3.740964101386213,10766.49468378952,0.0
2019-02-27,3.99231201231624,13527.310483811609,0.0
2019-02-28,3.5284050911536697,3560.4077253304335,0.0
2019-03-01,2.8001866902790216,5925.559060900146,0.0
2019-03-02,3.2982892776070383,13746.972863031151,0.0
2019-03-03,3.9013606463714656,221.40221668158065,0.0
2019-03-04,3.8550297936665885,230.415130767452,0.0
2019-03-05,5.179266239045418,12827.385108919007,0.0
2019-03-06,3.5493629156372712,6530.543815739328,0.0
2019-03-07,4.9735687461423295,21.73449542064198,0.0
2019-03-08,5.302412551328505,14204.898104381498,0.0
2019-03-09,5.912536260783835,5525.738138603357,0.0
2019-03-10,5.467036830588757,11725.973946088296,0.0
2019-03-11,5.993913179929315,1140.701617272348,0.0
2019-03-12,6.003677898661887,18.911585380784945,0.0
2019-03-13,4.700521731172642,3188.128864167844,0.0
2019-03-14,3.897236025165531,2785.00383594354,0.0
2019-03-15,6.416644496392602,7198017.12935122,0.0
2019-03-16,6.233417073176541,5635309.571785533,1472326624.4451358
2019-03-17,5.4641441289707995,3032152.398123408,1290271156.3108008
2019-03-18,3.8726341244990357,2208926.5407642093,914757269.9807022
2019-03-19,4.306728600867673,2435551.4130299087,1017317601.7115281
2019-03-20,4.285857984374575,3499648.5165091096,1012176445.0467892
2019-03-21,4.223250249484494,3928709.515028898,997527313.0315177
2019-03-22,3.5674262640658685,3753075.1256889,842664088.0098503
2019-03-23,3.4420914707776977,4100044.8279158724,813018422.5935222
2019-03-24,3.3400262733715294,3601266.2199359476,794504714.7712306
2019-03-25,3.119899306940364,2518819.043978609,736923159.9891775
2019-03-26,3.640200463210046,4686154.967144376,859970351.5225581
2019-03-27,3.63973450393198,6735062.703609921,859728697.5702647
2019-03-28,3.655400562604803,7250493.636829608,866975802.8442843
2019-03-29,3.422499942811173,6061670.145991397,808383237.493588
2019-03-30,3.443497091855137,4312592.349323003,813316151.2976321
2019-03-31,3.401414524946267,3616979.151250541,803410570.3279575
2019-04-01,3.5744414511343954,4247323.605826318,846799100.0780848
2019-04-02,3.527284143170972,3919114.4722926877,838417735.1704301
2019-04-03,3.7242470550065634,5604353.979955899,880049098.6794839
2019-04-04,3.663364267001989,5193406.0689340085,872476480.3588849
2019-04-05,3.7259407983477235,5535656.914960174,880467013.7714913
2019-04-06,3.537351393919182,4297699.109229994,833427685.694844
2019-04-07,4.563790001710099,5266494.96061477,1078639795.3159597
2019-04-08,4.68956513412684,4503594.220224052,1105109183.794503
2019-04-09,3.2283054265751767,1643079.1554956757,761786556.962683
2019-04-10,5.371819770029897,1460936.180073629,1279388390.8590033
2019-04-11,3.765090517940344,4847500.923415383,889920236.9815713
2019-04-12,3.559131312565026,5596573.869200119,841100220.7344621
2019-04-13,4.372678317153426,509322375.70132583,1032891344.9792871
2019-04-14,4.285000910009362,4438586.411726258,1011839745.3786193
2019-04-15,4.4421324201004015,4542591.727653425,1044309576.038277
2019-04-16,4.270722843466171,4432822.30771066,1010619546.3541449
2019-04-17,4.401791538363578,6704484.130559721,1049353168.7966118
2019-04-18,4.335618154271742,5004567.918122884,1024196084.9492502
2019-04-19,4.356914479916188,3948980.020709342,1028783184.5638717
2019-04-20,4.878754910070025,6148391.599357556,1152069146.8875144
2019-04-21,5.410868289829498,4303794.683957609,1277917336.5785453
2019-04-22,5.2201619811027244,4503286.924882065,1232996826.3742604
2019-04-23,4.31496275266641,14843442.723939857,1025570862.6105263
2019-04-24,4.085294112693688,54375744.67587375,966067577.8315969
2019-04-25,3.639769058250696,52916327.59814772,865542064.571966
2019-04-26,3.3079683876376325,38047434.86406235,782672080.7256955
2019-04-27,3.6915938580489422,34144870.95378929,869768661.3588303
2019-04-28,3.4398958383830625,25610960.316252157,816043309.2857027
2019-04-29,4.4123677135050725,87601496.74841303,1043926396.2850736
2019-04-30,3.713481608937613,78367793.1867986,883823251.0599166
2019-05-01,3.9082387214696155,53721369.01613162,929465480.449464
2019-05-02,4.370483942075347,88733627.80816801,1039307332.1762245
2019-05-03,4.5367984276933635,70089563.53871723,1078541197.5552518
2019-05-04,5.272389116184585,163023271.84696242,1254577786.9170454
2019-05-05,5.2344903928024955,151490331.86623943,1246906897.2611127
2019-05-06,4.845210798142988,68279310.74745756,1154754124.6220956
2019-05-07,4.728409522125743,57941291.87215019,1126505390.8459737
2019-05-08,4.620899042646727,60313729.90586265,1106666542.0988395
2019-05-09,4.353026395766152,59602581.358196944,1036759448.5761645
2019-05-10,3.8895538220050003,70713721.85267979,929140013.4675716
2019-05-11,3.8330995217110426,55655191.342396386,915120388.4223504
2019-05-12,4.096789329932594,72407374.20218433,970754458.610573
2019-05-13,3.798988220894689,48771540.70586631,903560248.0281584
2019-05-14,3.928745372499196,64196053.661983386,937133064.4118882
2019-05-15,4.00061471822549,65087219.06048546,955000296.9345831
2019-05-16,4.5457468456025625,68932195.39406478,1081578748.7783048
2019-05-17,4.276578291292598,75207448.57738052,1020530336.4978063
2019-05-18,4.415701096586383,103523916.49723907,1049499626.5821162
2019-05-19,4.756773016090144,67816828.86852692,1139734601.3849974
2019-05-20,4.880739269437048,74701560.6073049,1167632365.9810317
2019-05-21,4.73712942616022,63305901.50585048,1134307982.6106646
2019-05-22,4.7455777688789125,56337149.74347439,1133649652.429121
2019-05-23,4.337075775233234,47340333.14387765,1037003747.1256449
2019-05-24,4.328112239351113,86576348.76321535,1032650729.8384689
2019-05-25,4.488255092365846,143101651.59650552,1073540860.3226427
2019-05-26,4.393736875602293,37074600.20974797,1049743560.8700153
2019-05-27,4.502143276628875,43569587.3113311,1079110733.4688156
2019-05-28,4.68948131365474,146379471.06700486,1121472324.8139734
2019-05-29,4.780288251258525,125457018.8237156,1142089689.1861775
2019-05-30,4.6989172283687415,94482360.25260422,1124961749.2339528
2019-05-31,5.903827983572975,322782803.1227,1415685354.6001813
2019-06-01,5.836199382750526,160627942.79961953,1397957412.300526
2019-06-02,5.787452318795735,141421308.0618986,1385123171.874825
2019-06-03,6.378361250882932,104202916.95291944,1523433913.2346172
2019-06-04,6.581428554509484,186355933.75407293,1589767941.515858
2019-06-05,5.87006699364581,149162467.1057417,1404927620.8704772
2019-06-06,6.163465369533785,125440042.41888915,1474290669.479478
2019-06-07,6.047870648445266,148575842.7734319,1449316129.9310029
2019-06-08,6.321290841018009,108332196.85446066,1513861328.3459
2019-06-09,6.129971138988208,103847857.52149588,1472558338.9579608
2019-06-10,5.8402157910069254,131308666.68666226,1399750242.1479483
2019-06-11,6.105444978688931,183942970.16470596,1463121068.8676844
2019-06-12,5.956288252312975,124629380.76617049,1428789566.6428084
2019-06-13,6.1254005551869275,226345147.6829556,1463122291.8002238
2019-06-14,6.257843576186262,111789996.19995472,1499871245.7859123
2019-06-15,6.251328021204362,88919015.44370747,1502265453.1952536
2019-06-16,6.176669318570478,75351632.57928748,1483770338.7590322
2019-06-17,6.743271962396558,100855214.60348976,1615874146.3151727
2019-06-18,7.017552561131561,121944910.86896674,1682915463.0979176
2019-06-19,6.59392403455317,114601668.53280339,1579384427.349031
2019-06-20,6.647730134179798,78176352.37342276,1596272168.5059192
2019-06-21,6.507179111071543,95407451.16435476,1563623991.1791086
2019-06-22,6.561145409542794,110164210.50411612,1572931419.7083166
2019-06-23,6.7333565967979405,238200607.85916713,1619020645.5339537
2019-06-24,6.827506440054004,155466716.74311626,1645496603.2717483
2019-06-25,6.659033787765273,125446956.6899604,1599147267.96173
2019-06-26,6.601180486152296,158200284.00473088,1583321627.8919008
2019-06-27,6.386450170566806,158170172.5452041,1538785203.8133025
2019-06-28,5.47136081654836,183054234.19378096,1316619426.8216348
2019-06-29,5.907779975755154,133585393.07002722,1421301891.2445264
2019-06-30,6.095371645282487,127736819.64718086,1463339179.5643473
2019-07-01,5.4614646972056695,117030510.79149522,1313807485.1161137
2019-07-02,5.479767323117834,112708566.06793647,1319056017.8993804
2019-07-03,5.343843287115533,148866133.20254266,1287511344.866317
2019-07-04,5.629593273416958,125582276.15460517,1357530808.7767854
2019-07-05,5.5105545779148155,98826702.39576823,1329364754.3393145
2019-07-06,5.37854782353695,95278930.73503007,1295065910.622823
2019-07-07,5.320921281192338,81223043.79523739,1283973358.1945546
2019-07-08,5.4039789033041865,73177215.49853498,1302992999.9539938
2019-07-09,5.191679795832583,92280322.51659961,1250939199.3306725
2019-07-10,4.997028320308178,141351468.37223867,1205183594.428682
2019-07-11,4.476682040208127,168970108.15824342,1081693067.5550604
2019-07-12,4.361156975782726,245389648.97840044,1052549616.4511163
2019-07-13,4.530441026538903,86012393.36891536,1088839425.3307338
2019-07-14,4.28441321259264,279338689.7617354,1032772197.0986332
2019-07-15,3.8216115214943023,275793040.97948736,923137101.9949268
2019-07-16,4.194461295555575,292128148.70697993,1013114359.3355923
2019-07-17,3.683692666730313,192691759.30260736,889561543.4486119
2019-07-18,3.8237741543828387,225868768.49276233,922914990.2624835
2019-07-19,4.11305614691304,248700436.05632508,1001174376.863973
2019-07-20,3.9279143078918226,194593877.33760643,948194450.214473
2019-07-21,4.077059573327631,210197306.6471872,981912115.860305
2019-07-22,4.21403300277835,214610060.57350156,1019032415.9508725
2019-07-23,3.9991933642431383,158122571.82155192,967532113.7984941
2019-07-24,3.728636196634596,135121430.14614084,899641539.9538156
2019-07-25,3.9008454040304272,177197388.3906223,945373012.8641541
2019-07-26,3.8225146763336566,147060170.86980176,926342281.256688
2019-07-27,3.893059532254195,141302833.11407214,941956376.9273341
2019-07-28,3.62922780972399,136670584.49760735,878597750.2709965
2019-07-29,3.618093912656449,129884746.6238182,882016417.0948541
2019-07-30,3.6057497755486057,141326967.92092416,873574679.5872937
2019-07-31,3.5859759266565074,130945619.46344404,868240629.7331514
2019-08-01,3.6480461056295255,134015678.87026662,882569015.9693321
2019-08-02,3.5322031996591794,85138122.87783284,855823661.5750926
2019-08-03,3.65571092862101,124650963.08391689,885871253.3860943
2019-08-04,3.687398131351825,112481556.67701188,893279093.9779756
2019-08-05,3.5993653851878316,99692692.47258629,872506960.122447
2019-08-06,3.7668940256415455,124641554.44338028,914038672.1248147
2019-08-07,3.566226608737663,137088565.0377982,863738271.8198446
2019-08-08,3.4957478758739566,133644905.03303468,846239182.9424003
2019-08-09,3.270976397550951,130352516.94552042,795149176.2638792
2019-08-10,3.136463981401743,129114834.49247693,760576439.3120589
2019-08-11,3.339630526669811,145801498.83372426,809745891.5076133
2019-08-12,3.524827330139164,130365927.79862607,855149030.7318454
2019-08-13,3.345239912203774,141423759.2033675,817807319.0095735
2019-08-14,3.2506833979865,133253150.10004424,789459442.4440899
2019-08-15,2.85789172846306,101657217.00693686,691628609.4344736
2019-08-16,2.897560133285456,129140940.08402117,703891203.8082992
2019-08-17,2.9382967644140057,138140845.2805828,712011694.2498375
2019-08-18,2.9018226798401177,108422026.2705428,705280518.0721793
2019-08-19,2.966712919733911,113030352.39901419,721486401.0066607
2019-08-20,2.9100492195827594,124830642.01299416,707559903.5603794
2019-08-21,2.878298763008979,128273726.66467158,699978990.7050349
2019-08-22,2.659555549827294,104494543.52371986,646594374.5437907
2019-08-23,2.716844574380358,107075152.54144357,661065428.8120079
2019-08-24,2.6957099444127075,132541441.5855164,655562384.2516005
2019-08-25,2.688582583895372,107686071.52821697,654904823.075935
2019-08-26,2.6186547459180742,103626815.38944523,637596301.0313175
2019-08-27,2.6154168511947855,102794179.71819855,636638606.3636283
2019-08-28,2.576802442875323,97355112.05900832,625470698.3116485
2019-08-29,2.3304452774379145,127670319.58856602,573123729.0604528
2019-08-30,2.1736997584309163,141848057.86052102,530134712.0734966
2019-08-31,2.1640392411236733,98558743.80799943,525863304.1513856
2019-09-01,2.02930195974032,105200395.93031587,494046889.83540833
2019-09-02,2.1272542492182347,113179246.04645458,518432273.2753982
2019-09-03,2.125323322534021,118413345.41680826,521367510.7833261
2019-09-04,2.16122573992104,128662453.42950849,527268483.5428155
2019-09-05,2.0330420346370484,102755416.87425177,495784402.48028386
2019-09-06,1.9459297310923374,111846580.21284318,474700085.64352435
2019-09-07,2.0373246426175515,134240460.22202304,497126522.1898728
2019-09-08,2.178562445314765,147399230.28246593,531653080.63840234
2019-09-09,2.7275370575095477,211417776.60281858,665671679.764023
2019-09-10,2.7369033514860974,236508040.4287936,668836501.6752145
2019-09-11,2.5815509377144563,183720937.9978363,628591978.3871903
2019-09-12,2.565976954386717,147613511.39493927,626615191.5681808
2019-09-13,3.112462391821576,203175267.70706025,760670832.9134762
2019-09-14,3.1669360906511392,193574995.10346356,774275195.5724449
2019-09-15,3.1073288859941752,171274112.73584196,758949999.1333848
2019-09-16,3.4346803357164353,188585335.68741927,839417263.6739081
2019-09-17,3.3091056034978505,177181361.69964933,807393066.5328835
2019-09-18,3.31025080695252,173596340.93737173,809157714.6035535
2019-09-19,3.2910281354902122,164687477.22468624,805071126.5025132
2019-09-20,3.1213473118264066,182555770.63594535,762632160.9852296
2019-09-21,3.1809748782842404,145294458.37108898,775361654.229163
2019-09-22,3.064289480755041,143387597.85573208,749297213.7115813
2019-09-23,2.902197508934738,141777176.1284988,708663588.4205943
2019-09-24,2.5794494016100473,122621429.05450524,633680168.0808675
2019-09-25,2.2503500132131946,188475944.06415296,550956687.1219375
2019-09-26,2.301567712921389,181904538.7873279,563766590.8758713
2019-09-27,2.232889716197372,131432346.12512223,547026812.6033953
2019-09-28,2.259638012160796,115159691.4724944,552933307.1375464
2019-09-29,2.273282854752816,94708198.62589003,553666361.0685115
2019-09-30,2.202639204151483,90615643.28299911,539794962.8627348
2019-10-01,2.633864265209178,128146723.65507899,643637648.7826858
2019-10-02,2.604493680386911,112411941.63187693,639191723.426173
2019-10-03,2.6048573566370763,112655378.1433598,639179601.8605102
2019-10-04,2.5885219242230786,96720396.32504584,635752857.5821489
2019-10-05,2.5678548378628308,95512597.08861773,631552897.2158272
2019-10-06,2.766809749925956,109663326.77212685,677867079.6851624
2019-10-07,2.6378589747442165,106873823.78115432,647320231.9064821
2019-10-08,2.894818319200083,128644928.13821225,709792491.206655
2019-10-09,2.886912308982571,152883226.29177293,708490050.050932
2019-10-10,2.90104437915877,140284376.4130565,712336966.8976479
2019-10-11,2.8993568247407455,181831725.6290153,711853428.4495076
2019-10-12,2.8146990125689957,155123347.6631129,689887939.1243347
2019-10-13,2.8330638369272947,141622002.68017125,696010248.868148
2019-10-14,2.866815835566077,149549016.1327996,704502276.1328707
2019-10-15,3.0999730163356434,175037171.70111793,762921136.7018214
2019-10-16,2.9373015594068552,165962029.25544414,722041626.1058837
2019-10-17,2.8441546681865906,150064654.53024343,696919265.4511199
2019-10-18,2.9071014686034076,135907528.53949544,715348142.818814
2019-10-19,2.74525899644822,140761942.23773086,674258267.0816431
2019-10-20,2.7482945567205865,125298006.73672171,675827719.7460624
2019-10-21,2.9013475755119895,127117880.31544034,712973871.0665789
2019-10-22,2.979315703848514,140866801.2374995,733036223.3470833
2019-10-23,2.867469668394177,139375639.68287367,706040956.6865282
2019-10-24,2.6785358407516378,153686243.1832556,659186675.4614906
2019-10-25,2.828273705866224,125051602.13820525,695611585.7884173
2019-10-26,3.0304421905422165,174019378.29173282,743931148.4346219
2019-10-27,3.07500621558861,247477486.87983125,757300741.393335
2019-10-28,3.1819205101553134,201254537.41481516,783949984.7176753
2019-10-29,3.107040027730501,184867084.5895757,764335501.3623995
2019-10-30,3.1546380060768917,173747691.3289558,776144784.9963509
2019-10-31,3.014715566877315,163271273.38782474,743211234.4216205
2019-11-01,3.2663927522430876,97218297.33436073,806252734.6194432
2019-11-02,3.2797654913760788,150834460.4263342,808823865.3656716
2019-11-03,3.4203680947785418,153893511.95419416,843448604.4044636
2019-11-04,3.38593209230972,141964720.7899636,835453141.6552479
2019-11-05,3.6111663820031397,175748649.09837654,891071932.9975452
2019-11-06,3.765178052741399,187012992.0358089,929173231.1629419
2019-11-07,3.829038880943179,93002615.03629707,947773010.363785
2019-11-08,3.8693218630907533,145583087.65437722,954970012.9978459
2019-11-09,3.805402286561706,165517040.92904735,940930453.9224612
2019-11-10,3.966159455485398,144044408.1594822,979617316.044028
2019-11-11,4.201664584023325,180945718.94188595,1037937839.7031518
2019-11-12,4.3484143610817,194714712.96287665,1074621562.987916
2019-11-13,4.222539982263006,194439677.679571,1041962748.2762625
2019-11-14,3.9867353228574167,141435569.81647128,981656840.660325
2019-11-15,3.9820894203479034,152566886.56330028,981476109.1741663
2019-11-16,3.916712258604049,153896510.9410647,971690106.5637596
2019-11-17,3.9654205193463405,127138360.54209074,980216153.2204583
2019-11-18,3.8970904680887712,123719808.13582544,962341978.4879396
2019-11-19,3.583296312639493,147973761.01135635,880580150.1557474
2019-11-20,3.4871638663701834,140812999.4933322,860362236.7102283
2019-11-21,3.3308797278366282,135947932.42821935,822805456.2360498
2019-11-22,3.1950319865634866,150663522.80991185,790223768.0314765
2019-11-23,2.9429537942149406,165219727.41749835,726530444.7723709
2019-11-24,3.215171351112023,239337672.48688248,792667944.7550988
2019-11-25,3.0874490445484213,240993230.7016835,783665446.0132196
2019-11-26,3.4048966099786324,190637490.26727033,845217697.998072
2019-11-27,3.4773047342768493,165525026.4305724,863984511.7229365
2019-11-28,3.5587454776595666,179719579.4124608,884120394.2199261
2019-11-29,3.672406890882175,147491677.985831,909632627.9714842
2019-11-30,3.999583843250126,163284118.43426904,992460025.5870361
2019-12-01,3.923251444424182,150562296.8852661,969653120.5379301
2019-12-02,3.842392117329628,135257387.5369343,954831664.2720995
2019-12-03,3.6669126108757206,96034890.02887374,912940742.8888277
2019-12-04,3.6350449755564767,110654984.94032024,900826939.5299861
2019-12-05,3.581541915412578,189706538.56058946,889206116.1829084
2019-12-06,3.4995075097158765,181084257.54009253,868070776.6624068
2019-12-07,3.6670867466307495,176367834.13339597,906948092.0465931
2019-12-08,3.772662982817854,198435409.11324537,936556785.9546762
2019-12-09,3.9154624006876757,180149376.86241847,974885684.7293961
2019-12-10,3.673332018758384,212888396.6977626,914473075.2467027
2019-12-11,3.572739870746839,205658549.28020588,890589025.6228076
2019-12-12,3.825635234254408,194223484.73893455,734764702.4895205
2019-12-13,4.110970332085402,232975585.7148431,788614386.7514738
2019-12-14,3.976566195637936,204246859.82498762,762065908.2502145
2019-12-15,4.212020706612258,192319229.51569462,811909491.2442305
2019-12-16,4.5080346452736295,179090618.34430623,865664716.0986155
2019-12-17,4.053614438504695,184456537.08159497,776830960.3796402
2019-12-18,3.6185821278975703,187262552.6967076,690526151.4075421
2019-12-19,4.303298170368838,244483096.20938763,822136067.6517072
2019-12-20,4.253615411651468,146146652.17377096,808026222.7129247
2019-12-21,4.292995897957457,141648087.94764692,820654247.2857878
2019-12-22,4.061631601636547,107120528.56612189,777198676.4146627
2019-12-23,4.267435133583084,109237063.15060058,814056831.5223322
2019-12-24,4.293998364406006,133262417.69435601,823905160.7587386
2019-12-25,4.388650447657177,125682180.40277907,839287699.6120011
2019-12-26,4.253194652778566,101515681.94596536,821230549.2577978
2019-12-27,4.552562277818436,103084075.57470487,865928771.6664505
2019-12-28,4.495390822982798,127076488.05314392,858752381.7945492
2019-12-29,4.402723449321489,116572148.32438117,843042370.8244903
2019-12-30,4.245553676821556,125061558.55409053,810957193.8894083
2019-12-31,4.154936461229097,122908024.02532181,792213723.0406704
2020-01-01,4.219578839577872,104595900.08774304,802500076.3422498
2020-01-02,4.381528163294225,111061787.61398919,836980587.5362209
2020-01-03,4.098819059472855,112922525.44457266,779186180.5459572
2020-01-04,4.227682415562312,140500351.20086908,805601900.0965127
2020-01-05,4.253197325895877,92285809.35421804,809483882.2481306
2020-01-06,4.199192098332791,116379175.21300234,795025155.2981652
2020-01-07,4.099196833372115,113495847.27579641,776049648.4488446
2020-01-08,4.084230654785973,138825162.59176508,772813152.4804995
2020-01-09,3.9943398150340594,130051245.43000945,755260697.8279511
2020-01-10,4.225668193352644,135214139.18669018,790724732.4627723
2020-01-11,4.284214126077123,183809898.32007983,805014087.5483177
2020-01-12,4.260330864814393,137050671.1612739,804135175.1218609
2020-01-13,4.250241306102097,116024160.82308415,801127778.3907889
2020-01-14,4.238315250534893,106760666.04463859,800526114.7223114
2020-01-15,4.509174346995887,218850746.07876223,850291612.6726928
2020-01-16,4.560441672358426,258869305.01483417,859739082.8361377
2020-01-17,5.0709437123300996,310794465.0907088,936909309.4467511
2020-01-18,4.982434714416941,300500897.4974443,947313842.3067756
2020-01-19,4.6138974573923255,204228833.89635646,872956997.2781415
2020-01-20,4.52891646370665,189860926.31875312,858191467.971191
2020-01-21,4.497462006299394,140300179.27359715,852029654.8317266
2020-01-22,4.639352315134957,135240204.9418083,878301154.1294067
2020-01-23,4.644919691741183,130315444.92241816,878179755.0767971
2020-01-24,4.4317731065409625,158732501.73436594,838377586.1429615
2020-01-25,4.473028354987666,164664425.37038562,847175002.0329233
2020-01-26,4.415065837515164,134517488.1019978,835324724.1568238
2020-01-27,4.484176926580714,123113340.99501263,846435603.1405241
2020-01-28,4.504759129149233,181185861.39245138,850957728.5435896
2020-01-29,4.58311610717188,189651008.06168765,866501568.0255158
2020-01-30,4.399239375228653,187822700.12823573,837095024.6656117
2020-01-31,4.407097442750704,194404564.85671636,829561712.7708762
2020-02-01,4.3803093807607025,185193326.62294105,831459347.0880946
2020-02-02,4.370755240926432,146431362.23225224,824139648.3929918
2020-02-03,4.4104539051217815,160309718.25993016,851835924.0150691
2020-02-04,4.270137820755881,160864763.8560674,822606804.975622
2020-02-05,4.216921699574408,184890093.62913868,811726614.4885755
2020-02-06,4.316316553056086,201144513.86710677,828606565.9075363
2020-02-07,4.572763606524898,232464745.11497167,879077520.5329834
2020-02-08,4.818459421614604,245605175.12509984,924070102.601857
2020-02-09,4.647228265574023,209049754.50448036,891071585.8890561
2020-02-10,4.74121959341236,182810148.7630317,903750467.3097299
2020-02-11,4.785769125916166,199310639.19595778,914729701.2076702
2020-02-12,5.1140890089479845,233365361.41946575,979685265.7017753
2020-02-13,5.148892238726548,255288271.03561532,980819278.5435209
2020-02-14,4.901170449354042,277951406.64608085,936696346.0798512
2020-02-15,5.099030326850756,224029949.41646537,973942778.4589574
2020-02-16,4.5822367494548075,247034961.93270993,879524171.7797556
2020-02-17,4.408459983090803,287389567.3838024,844676987.2096071
2020-02-18,4.286006576859225,311937914.9544304,814708214.6492577
2020-02-19,4.426317026807774,256662499.4653738,844249430.3123792
2020-02-20,4.143746040368281,151179790.4460919,795949002.5428106
2020-02-21,4.451675684610327,1731851908.2088213,846930919.8496827
2020-02-22,4.941599396160777,329787646.4582098,939460620.9340111
2020-02-23,4.987181254941107,290394447.4332135,947356717.8146574
2020-02-24,4.8103521510571134,241676410.03705373,915911724.8447849
2020-02-25,4.3818900829557705,263911267.7228257,831599025.2238003
2020-02-26,4.056127769412525,229888058.83932737,764624560.5681208
2020-02-27,3.6644053282596643,271876132.9350553,691872729.1770762
2020-02-28,3.690617810198979,246984622.71545577,694687863.1038218
2020-02-29,3.555956799625285,180664999.03052768,672811796.2286097
2020-03-01,3.4603270993625546,108559242.75639646,652119306.702302
2020-03-02,3.37274030424158,130814812.56258377,634066044.3325337
2020-03-03,3.7065411781654443,153152168.04912946,695386973.0706817
2020-03-04,3.6155996715658256,125672178.75190316,677932499.7111754
2020-03-05,3.7317468787550467,145761418.65976182,696621598.6068698
2020-03-06,3.772895315228911,140869545.78684285,704994145.8568728
2020-03-07,3.843202168550896,128743398.38278414,716612871.4401519
2020-03-08,3.6163339727974946,107679505.93915886,678216626.1841536
2020-03-09,3.0841452409506935,168223696.63828397,579215929.6679977
2020-03-10,3.023317563049832,203004570.9423205,561194841.2596669
2020-03-11,3.0657517999890485,153246007.78994748,577983175.0986769
2020-03-12,2.9935198148139266,121566117.56736907,561007784.8131261
2020-03-13,1.6092393792935413,171617510.0620624,295709804.27253854
2020-03-14,1.8033212472576152,309929966.3052288,334780310.0023539
2020-03-15,1.8361767012811048,95287661.96678786,340950989.8433033
2020-03-16,1.9264340967539302,187673373.02529737,366643613.31742096
2020-03-17,1.6787377855466232,177785618.83526245,315540342.44677883
2020-03-18,1.7809116369274338,140409435.7585473,338405272.8638089
2020-03-19,1.7962838468441031,153083823.02497157,337091535.0627884
2020-03-20,2.064904602621882,197727570.28542575,392959286.1811902
2020-03-21,2.1680632286501895,218922570.6361055,410911918.40668344
2020-03-22,2.1584656934514195,168680908.76923332,408154676.2717227
2020-03-23,1.9274202641930542,124882784.11566941,364853589.0153491
2020-03-24,2.109893408839652,160273164.97974902,396860252.85467076
2020-03-25,2.1460165129333366,148777802.63970438,405306124.0040843
2020-03-26,2.086183335473802,111273365.65733458,390656759.61307067
2020-03-27,2.160999452106325,114806095.57754438,405518671.75853866
2020-03-28,1.9967796971317315,67547488.87302002,369806246.0271786
2020-03-29,1.9774760168069785,137883309.31343663,369486220.3424723
2020-03-30,1.8555395425689427,81944621.57431586,348388380.02445334
2020-03-31,1.9664507258227062,111616446.71497174,368252962.8930992
2020-04-01,1.9546461740933616,95721616.42110553,366029972.80651647
2020-04-02,1.9757231454326503,99281427.36211367,370927126.76841784
2020-04-03,1.9886612265850967,138454221.50502884,369544829.9992059
2020-04-04,1.9791993355478374,119692895.59614775,368397179.02998143
2020-04-05,2.023528039980136,94206011.6479848,375571865.4879026
2020-04-06,2.066797460833434,94388064.79907091,382654304.5897502
2020-04-07,2.399258249089664,180183438.31714335,444079378.92047656
2020-04-08,2.3417598477817347,195967299.00484526,434087419.71319723
2020-04-09,2.4769663589952713,154459868.08465979,457136123.42806673
2020-04-10,2.5812363365642925,157406337.0881776,479211437.8054799
2020-04-11,2.3022527483797255,148965135.12660325,427143173.793021
2020-04-12,2.305321232042503,120779286.31634079,426977798.1921999
2020-04-13,2.3100032522658656,129271482.03740256,431444092.8306434
2020-04-14,2.2620657367958374,122845330.12825648,420088325.6200302
2020-04-15,2.3585085984475014,142777530.7537017,438430414.22889906
2020-04-16,2.269667331566875,126895023.20274396,422457419.45654
2020-04-17,2.4085267970000706,158627394.89609167,448185881.3748629
2020-04-18,2.3706853398484036,137340534.9218236,442506546.2216882
2020-04-19,2.5072720238082624,133526716.24793552,464249972.5810399
2020-04-20,2.384795346989111,128021246.23538437,442864983.9523474
2020-04-21,2.2753898696446644,153889443.59018275,423519941.59643066
2020-04-22,2.2722231852936305,119319532.92809308,421821086.6677337
2020-04-23,2.385363839485233,109646319.5057493,443665242.9929437
2020-04-24,2.396465713022384,162068614.99564365,444634846.21046984
2020-04-25,2.742568058673059,227456602.58272508,508819814.0797977
2020-04-26,2.871219899278245,223326644.0536439,533084321.36683494
2020-04-27,2.80268487399832,192953630.82527137,520599431.2706877
2020-04-28,2.76576475772746,136733969.6174606,514141294.23812735
2020-04-29,2.8012730985194927,174109101.91875833,522567761.73990315
2020-04-30,2.929493322965155,223387225.19479343,547465272.433097
2020-05-01,2.7282005836077876,224940419.89067757,512715438.3932127
2020-05-02,2.829365913494568,211021949.11885673,529109576.7454226
2020-05-03,2.870845776643251,149066089.16047016,536517846.57531744
2020-05-04,2.775655037738356,160107626.03662047,517820450.4525026
2020-05-05,2.7594713306365364,216802444.19260547,515016386.4458171
2020-05-06,2.70236270995127,184782870.85637632,504083387.4344879
2020-05-07,2.6438034042116128,174163938.36516413,498712108.21371454
2020-05-08,2.723267898295407,180558118.0863477,512234515.93206
2020-05-09,2.80779908260449,175467075.84737775,528367163.9632321
2020-05-10,2.753669398843995,173940954.2762227,514724906.8261266
2020-05-11,2.5157553964247916,200137989.53262264,470156515.5235783
2020-05-12,2.3850199086198867,170099372.4631764,446680325.9020722
2020-05-13,2.483506430450031,135611470.5597852,464471524.50882244
2020-05-14,2.5464360977259886,135240290.98042032,476225666.07089984
2020-05-15,2.520383862299093,164165560.6346684,471120472.687941
2020-05-16,2.467019649664657,146837164.99897328,460133671.76098514
2020-05-17,2.5556101116515926,140674182.73393774,477507850.82447124
2020-05-18,2.5381327289381845,132980123.56019183,474662222.18605864
2020-05-19,2.592782411046848,150474379.85322365,483770307.4418051
2020-05-20,2.6076771231351565,96199332.8666173,486872530.870401
2020-05-21,2.7032876695038954,149708506.0499116,504058194.3221842
2020-05-22,2.5100288231052788,162944567.74551237,470347523.88954455
2020-05-23,2.597443993895052,124558555.08161935,486363977.41651905
2020-05-24,2.5906900014402416,102941530.98516881,485899854.79511255
2020-05-25,2.4956210075858563,131030510.43605314,469223846.2002621
2020-05-26,2.6134302380443475,130899744.77339993,488506866.6429436
2020-05-27,2.5811242933243266,110940963.62005778,482919043.47404397
2020-05-28,2.5999494954180657,111642960.13336448,487132882.23948175
2020-05-29,2.6645082911828646,89499470.32467763,499807420.34361315
2020-05-30,2.6740842807893035,85957917.45619169,498177191.2661315
2020-05-31,2.820472875330498,111148362.31762418,524231344.8534227
2020-06-01,2.7400800304692434,112751203.11328311,506728476.10827374
2020-06-02,2.855637924238037,116302395.86139712,532527949.48370636
2020-06-03,2.7574492953594794,160776557.44676122,513910514.9357329
2020-06-04,2.8994751110740657,123401861.4389819,541467907.0630304
2020-06-05,3.075357395963259,190005905.37028757,572550337.0074856
2020-06-06,3.087986459187078,193563260.357999,579427896.0378524
2020-06-07,3.067054634550949,129600768.75849664,573171422.0424594
2020-06-08,3.0201548853883633,145530416.93822265,563717740.2878487
2020-06-09,3.1469109081450224,144054268.86614534,589635412.7659358
2020-06-10,3.1161295221056733,159593973.89314985,583916317.8090987
2020-06-11,3.113217907807041,159280566.73738012,580665206.1924332
2020-06-12,2.7700954719444946,171527168.2051849,515139904.558306
2020-06-13,2.861570301186327,167395543.96566796,531996996.29072535
2020-06-14,2.873287795392031,160546814.36863425,534195276.1133311
2020-06-15,2.7581963591005816,142855699.88094392,513827450.8939017
2020-06-16,2.708458743361052,181395567.36211407,503996054.4461122
2020-06-17,2.723378612161181,148580957.72797403,505533537.500051
2020-06-18,2.703986818674321,158446518.27520043,501674559.9196007
2020-06-19,2.6494131679317716,145492300.87047777,492169388.241993
2020-06-20,2.6024858474881905,138392147.83704206,481745817.25865245
2020-06-21,2.621796211871006,135861006.0079006,486617625.21844214
2020-06-22,2.5998353468343334,120078353.07488291,482744327.6889526
2020-06-23,2.6913589791427985,136967191.35231552,500297093.4303316
2020-06-24,2.763624528949818,143636534.67367613,512907645.0082757
2020-06-25,2.677317724658099,139809593.5603187,499285460.42198473
2020-06-26,2.6226531379478875,119014651.73054047,488059054.11557496
2020-06-27,2.622575344738205,126522007.89187351,488063671.94338065
2020-06-28,2.428831344553895,131125493.20218007,452225584.1292911
2020-06-29,2.510540021207384,103749822.36609386,466503817.951551
2020-06-30,2.645487392013858,130144256.15538028,492677816.38272464
2020-07-01,2.5966333418812506,96168829.9621246,483876645.68977696
2020-07-02,2.660392546095495,100432035.92623335,496962202.4801239
2020-07-03,2.6595019853196193,122243052.62579423,497144362.9144708
2020-07-04,2.687854490657985,115430392.36547205,501746980.7808935
2020-07-05,2.768713040552592,114963321.37130916,516018770.4925474
2020-07-06,2.9207295453257593,164524740.68482363,544624888.9948455
2020-07-07,3.0167738958928947,173045749.02599195,562407908.6203815
2020-07-08,3.211976540056396,164584271.68110022,601208340.4302506
2020-07-09,3.5523587944561466,208572336.8452464,666070104.4275222
2020-07-10,3.7797779204742077,213233009.70086884,712802754.7337536
2020-07-11,4.066613960627813,291003749.8844185,769199265.8789334
2020-07-12,3.9346764082251022,307772447.98048073,747982016.3329355
2020-07-13,4.017786703656249,201899075.04028898,759991399.4111261
2020-07-14,3.876939521438514,247151215.68579382,734779154.4533521
2020-07-15,3.9544722656000086,202588156.26302075,752015309.6271551
2020-07-16,4.043584018015969,160523697.36064428,768803262.8144563
2020-07-17,4.058263490610021,226704758.84559038,763591386.989658
2020-07-18,4.138080211884812,193595209.29452398,786371681.3875232
2020-07-19,4.372712420195288,236651076.52758485,832010012.2758662
2020-07-20,4.190709159862818,235212888.81645522,796869555.532821
2020-07-21,3.880842632691582,167357161.79922053,738703008.6978364
2020-07-22,4.004905339878008,137432190.2959047,758583997.102827
2020-07-23,4.007637175044355,129717419.05372362,762019163.5151345
2020-07-24,3.9508595472495522,142804424.27804157,755296099.9973328
2020-07-25,3.8113953415035384,141678160.6877706,723850830.0714909
2020-07-26,3.9079970497184626,151230221.0069421,744227650.9850808
2020-07-27,3.801976885324603,149699778.6475571,724550496.9105366
2020-07-28,3.5966674698676697,215253063.24149922,686107081.3203907
2020-07-29,3.7467733246572736,153303271.4996507,714699398.8922032
2020-07-30,3.6312557741113967,137928521.58849654,691361534.0443323
2020-07-31,3.7271676423070534,128435810.24496113,709174557.8216509
2020-08-01,3.7955148816175313,131392306.44425201,722355972.8108596
2020-08-02,4.084184851107092,197456909.78442395,773528943.9401164
2020-08-03,3.881930339787207,185194872.64516595,732497040.3621571
2020-08-04,3.846957926503175,185015139.64238602,727699918.851656
2020-08-05,4.000007620251127,148785519.98402277,949392998.1854075
2020-08-06,4.1622190571378095,168045546.5344593,987083917.2048665
2020-08-07,4.187906209482348,159963580.7601474,994499291.9859141
2020-08-08,4.010042685627311,227404184.78269714,951509877.4055109
2020-08-09,4.414955151430974,250377961.5180145,1047626611.2699391
2020-08-10,5.259324595405031,472270482.8644765,1244048477.7605028
2020-08-11,5.422001409432881,454680839.69335574,1290538293.689665
2020-08-12,4.916134319737038,311641069.02236915,1168796945.9176192
2020-08-13,5.966474129079834,481479859.157711,1415963156.3863935
2020-08-14,6.024396995356216,624105829.2611965,1441637749.8667107
2020-08-15,6.097506309289474,493354122.53781426,1448905731.6229117
2020-08-16,6.0944165553883085,287706956.1061354,1447295818.0520184
2020-08-17,6.209682362846288,367001899.3804836,1476117930.1046615
2020-08-18,5.91156809604445,322378393.39105695,1420109797.065809
2020-08-19,5.800620944305702,312124252.57430124,1378658317.806567
2020-08-20,5.674703539774659,318301543.70727617,1346687504.6524885
2020-08-21,6.28773874825818,218500987.15087497,1495428018.6079865
2020-08-22,5.605110886616306,363334663.3450736,1341530817.2501543
2020-08-23,6.451114599924576,422766813.24208814,1539860353.9060082
2020-08-24,8.466918475831358,1133164499.6479774,1992615570.6620789
2020-08-25,8.144017617444595,674634512.4590693,1923888553.6920514
2020-08-26,8.404247653671781,730302834.2434514,2001179625.9939837
2020-08-27,7.71570987730703,675319454.7909566,1838706337.0578105
2020-08-28,7.255626341736423,618250758.5175762,1725880021.8014822
2020-08-29,7.5715702451563605,475849643.8090263,1807535899.3539019
2020-08-30,7.285038159454287,420803756.6802025,1743439330.2466261
2020-08-31,7.632812148220818,479368182.6815609,1818893165.0820708
2020-09-01,7.262357993671164,426397397.06881845,1738674153.7788272
2020-09-02,7.200707884681863,495856047.8953845,1730709733.8608327
2020-09-03,6.654594948788346,353568110.8599682,1585365861.0191967
2020-09-04,4.948208604238474,239895821.74026924,1188994589.5428715
2020-09-05,5.497519278999506,316324473.52248025,1311302091.0535069
2020-09-06,4.91165325638954,281091816.85923266,1168469509.62625
2020-09-07,5.188742161905485,301466646.13062537,1237650675.0663762
2020-09-08,5.038472478909613,297914799.99942434,1201513294.1791975
2020-09-09,4.945210770006631,365958451.4553665,1176259956.7316053
2020-09-10,5.3262448907763815,291154652.393214,1268302567.7937722
2020-09-11,5.326584055292699,367590519.4363718,1271915027.6531744
2020-09-12,5.3358892007825105,408070335.0790019,1273871091.4011378
2020-09-13,5.598246640908471,393991136.46470284,1333509893.0164955
2020-09-14,5.264414433687349,390657144.1840334,1245861793.3403006
2020-09-15,5.407956102755766,400328391.0794077,1290585556.9469476
2020-09-16,4.874155917376524,367045879.03704804,1161683588.7988436
2020-09-17,5.1488092293301,219318235.3157635,1215274441.420886
2020-09-18,5.057111378715239,351007558.1394673,1208964768.8591197
2020-09-19,4.964643914575372,342645957.2012452,1174510413.0914092
2020-09-20,4.9362069725470406,175857717.0863893,1177258499.896258
2020-09-21,4.667282487402415,266054200.89985245,1111782290.2751918
2020-09-22,4.104058869932353,350812508.54178476,985811135.8203849
2020-09-23,4.21020863515192,124575111.49488351,996446987.746109
2020-09-24,3.8591658027208426,213795798.67518353,921007397.1574746
2020-09-25,4.46932539442739,242812644.16289642,1068784136.7025828
2020-09-26,4.780944733376834,246284933.4098955,1143910606.3199813
2020-09-27,4.602389891987967,199779996.89287084,1096424930.356917
2020-09-28,4.717668682413769,223972564.76454413,1123480547.726561
2020-09-29,4.827954370488682,288175577.9650091,1152678553.8377128
2020-09-30,5.270804888432055,284463400.0119882,1255939496.634055
2020-10-01,5.360154834857025,312981753.3534753,1278519043.1434126
2020-10-02,5.134419511386971,265682149.94604012,1219537253.0360346
2020-10-03,4.9036981115369915,291581024.8401138,1165834068.0957136
2020-10-04,5.016915866081624,208831956.23085222,1198281802.4827797
2020-10-05,5.3170291026029375,243602843.78306726,1276571822.332943
2020-10-06,5.362318784346142,253765365.52462745,1281139079.9330547
2020-10-07,4.744653316224609,244182824.03146228,1131471967.3942153
2020-10-08,4.871880655606843,211086106.03863183,1161713417.6008992
2020-10-09,5.05110187439021,221367457.02161604,1204249724.3926048
2020-10-10,5.165234703604899,227903971.98626837,1228902192.4149163
2020-10-11,5.51781217298289,250286392.2908216,1320134307.8750753
2020-10-12,6.069327171681734,387047222.9088159,1460980280.1556356
2020-10-13,5.984679080576134,317157472.03649455,1430095698.2870412
2020-10-14,6.011573431971666,297776236.704738,1433395948.4694
2020-10-15,5.748549689298225,285788551.8383288,1369757310.0372636
2020-10-16,5.746713785796683,218353246.83036414,1370560227.2873175
2020-10-17,5.4114492729286905,207190320.3723849,1295742173.8151186
2020-10-18,5.4680435327611905,77155292.76430897,1300936462.756566
2020-10-19,5.763025562234492,152047153.22085387,1373264611.111607
2020-10-20,5.505448971264868,180932694.13131103,1312758533.8485959
2020-10-21,5.035540455804686,148715663.9716175,1202611876.1030483
2020-10-22,5.232906502078655,155568251.3560252,1245551744.4426305
2020-10-23,5.41604699204356,204302094.42756197,1291242296.216339
2020-10-24,5.346871341274191,233790894.60975105,1274819531.2290225
2020-10-25,5.539919602362892,215075338.43126756,1320557927.5583746
2020-10-26,5.302331660332057,217899222.04310212,1265517609.8084035
2020-10-27,5.144314053589588,245540043.5662068,1225755571.948163
2020-10-28,5.141198093519055,233792697.01509,1221325186.4218194
2020-10-29,4.7961508465087865,206259827.259053,1142272065.7627413
2020-10-30,4.626591651290841,164314473.9293901,1103661955.8333266
2020-10-31,4.62669555310133,210722142.40700665,1105097495.6446996
2020-11-01,4.598148926248597,163797239.4299863,1097747240.2637484
2020-11-02,4.734169007735623,178628808.77808827,1127995336.9390874
2020-11-03,4.604922171985456,189901042.74858874,1102649066.4845374
2020-11-04,4.463162308018787,184261468.67393956,1059972656.6255693
2020-11-05,4.390757163670933,166342473.84812027,1046186140.3115981
2020-11-06,4.517789757459862,205232357.04575065,1076261805.1279745
2020-11-07,4.867243143609774,261407065.3669344,1161917191.073949
2020-11-08,4.612330269448324,283081121.8630642,1104517622.254951
2020-11-09,4.808416341278322,190938184.9356677,1148978452.7749386
2020-11-10,5.1472769711697985,265599146.6701906,1224133564.6427374
2020-11-11,5.083079033453266,236444326.90332094,1212879674.7302349
2020-11-12,5.031714936646809,215777617.12433845,1199048852.2477674
2020-11-13,5.0424521896242736,258085268.7395312,1203975856.2370827
2020-11-14,5.211560129238589,208156053.0443562,1237854131.6535187
2020-11-15,5.045263002157911,176029385.142862,1205422230.6894882
2020-11-16,4.9885306282661865,117267638.67550424,1188942686.0749435
2020-11-17,5.08576564561689,159447211.38418978,1213934287.420789
2020-11-18,5.291463118327302,223269568.92590186,1263047631.688492
2020-11-19,5.108092834149489,225008095.85651037,1218642404.317669
2020-11-20,5.09017882699742,185798733.3889741,1213594793.870088
2020-11-21,5.2726154772816844,232109714.3799419,1259269202.1687746
2020-11-22,5.9027006771207216,356127049.4986698,1393439567.9976556
2020-11-23,5.4665733170382325,327974638.95317715,1307208271.5934405
2020-11-24,5.789096385879374,338971558.9544597,1376059796.764834
2020-11-25,5.919299120105595,471056661.6501658,1409366263.9883165
2020-11-26,5.94444172964406,369200269.427137,1416197290.6300197
2020-11-27,5.32479993698823,339061708.2825817,1267869920.1098523
2020-11-28,5.358591623892802,197226736.8549588,1277127624.2206874
2020-11-29,5.435869054340263,155887065.66587755,1295093994.5692172
2020-11-30,5.417740909949374,176085315.74973157,1285789203.5110645
2020-12-01,5.548419933677368,212933656.76800546,1327446090.665672
2020-12-02,5.2778033370020685,198801009.62263948,1261307319.1820285
2020-12-03,5.518775637208894,199009957.4187033,1318098464.1996722
2020-12-04,5.507267290130525,184031958.44051877,1312848552.9527104
2020-12-05,5.070972931823404,219568712.67399246,1208203418.937135
2020-12-06,5.248480293205051,181121513.05349615,1249300978.1675243
2020-12-07,5.2025242143067345,130501905.79262187,1242424102.7785592
2020-12-08,5.102278577657633,112919598.50534089,1218036897.8079224
2020-12-09,4.729897032846519,166834349.50390288,1133813935.3716502
2020-12-10,4.799490829076566,162939216.42231998,1144910979.0156052
2020-12-11,4.66495010501346,83437995.41133337,1113925502.9189408
2020-12-12,4.711288329284222,135895071.7754446,1124020340.5352979
2020-12-13,5.067045159201653,160273469.14169338,1210892183.9139612
2020-12-14,5.183790513286639,117954377.76021847,1233842843.741587
2020-12-15,5.223894456812801,94328357.13242683,1252216820.732184
2020-12-16,5.312275511493894,192223513.45008805,1267180627.3114376
2020-12-17,5.486716942310322,280111080.697431,1301923330.23746
2020-12-18,5.361545133037227,309377130.0593137,1279160566.249596
2020-12-19,5.3466740426825945,174926296.20109916,1273823141.2807891
2020-12-20,5.294691777700781,182381144.96811032,1262831486.6787977
2020-12-21,5.027213312819282,176298891.21339065,1201796720.989414
2020-12-22,5.051846904334309,177113624.06204423,1204194733.4378085
2020-12-23,4.957461975168139,221611147.65593597,1179818828.934859
2020-12-24,4.413825832991345,283376918.4641238,1056498013.6305854
2020-12-25,4.954463893746349,270708534.44553095,1181530696.343662
2020-12-26,4.906735538445911,207445989.83929178,1171594189.7206929
2020-12-27,4.787170660897007,194594942.45501825,1139947807.6849408
2020-12-28,4.833757085185352,260146399.07926565,1162390248.206731
2020-12-29,5.321209359412949,322021441.26529115,1256680815.9304185
2020-12-30,5.637142614804118,382400451.9338018,1340755080.744923
2020-12-31,5.446063827611342,371972584.61047083,1297013787.5382986
2021-01-01,6.456155888923529,500657530.0083508,1535360623.5289214
2021-01-02,5.8722126482128845,451963293.0861368,1400400123.8866172
2021-01-03,5.418419854780378,514306282.2256167,1289336359.9180584
2021-01-04,5.805859307755104,483992027.1440814,1399285437.7015789
2021-01-05,5.849315153415683,530084049.8210353,1389329069.0022447
2021-01-06,6.223298928537338,512929990.25634396,1479314485.5012825
2021-01-07,6.736810297044329,665881171.2281265,1611358087.9490366
2021-01-08,6.275750203414635,525036158.998559,1481350944.2383695
2021-01-09,5.953791442582491,529890557.44279265,1407870477.6569827
2021-01-10,6.60421795665234,594946490.7237154,1587941763.4697092
2021-01-11,6.456502142546766,675216381.0241779,1543195778.962642
2021-01-12,5.719331439346791,687464593.8224173,1363616228.1862333
2021-01-13,5.7037182022816175,486609506.70948756,1356854916.0997558
2021-01-14,6.2572767114517385,364088746.36268556,1479081027.9987123
2021-01-15,6.4334237681591855,477601738.4930936,1513207547.0284393
2021-01-16,7.963016989367982,1673068219.882502,1916662912.410004
2021-01-17,9.05712539865608,1637463199.3996713,2168903025.14005
2021-01-18,8.544990570959136,1131833461.7890892,2056832811.0678053
2021-01-19,9.470579750222772,1169402791.8025975,2259608930.045425
2021-01-20,8.958723392737584,934836766.0289378,2148725475.8279214
2021-01-21,8.87161373342692,983966574.9922401,2109111030.9838333
2021-01-22,7.18722197161212,842363293.4107478,1740570763.1167114
2021-01-23,8.04942752386304,965244240.7729777,1909815945.0297601
2021-01-24,8.334086248300263,865726890.0385504,1987300468.7884297
2021-01-25,8.21729393217983,667175672.1378591,1957270723.9454587
2021-01-26,7.8053841268805435,657020421.9472929,1857056694.991436
2021-01-27,7.7171447499946275,528213133.4828369,1844599223.8944552
2021-01-28,6.972074319525064,534853456.9379325,1655179978.8994884
2021-01-29,8.097813501315333,706326274.4582912,1932354529.2581508
2021-01-30,7.987134975150505,625210989.919203,1906737885.5177534
2021-01-31,8.009867845568664,445508627.735282,1910777024.0121465
2021-02-01,8.12794314017588,591538088.0513583,1933062164.866592
2021-02-02,9.189049979857533,464472911.6086452,2122916484.7896128
2021-02-03,8.900148313412927,562257027.4195209,2140712403.1795049
2021-02-04,9.22324812610178,541489184.5502728,2193171957.910264
2021-02-05,9.180319805463851,548846056.6519343,2206918934.2728767
2021-02-06,12.170545136406906,1335101083.2626984,2893049203.1228914
2021-02-07,12.083055583253856,1243526760.0076318,2884646383.360158
2021-02-08,13.786170159282849,1436838048.4730675,3218927769.5200925
2021-02-09,14.33320866450471,1296237654.02712,3390242101.7726774
2021-02-10,15.076049250657647,1095021606.387637,3600483068.2441072
2021-02-11,14.89622285385039,1096321804.7452006,3552027503.419989
2021-02-12,17.77399497827378,1413329444.5172398,4209728711.0386157
2021-02-13,21.14101775067357,2243799470.432669,5040303963.8326645
2021-02-14,20.18869688396907,1468498398.8888552,4832595613.330834
2021-02-15,19.178633500883183,1291707379.8968484,4605910932.008583
2021-02-16,22.368522517721654,2706847769.915169,5366151858.823967
2021-02-17,25.125151819281562,2786603491.883044,5940514784.383009
2021-02-18,23.877405833636036,1983910010.102852,5694463401.7121315
2021-02-19,23.11905026330649,1404598979.013977,5509977795.214844
2021-02-20,22.859627999711083,1141731960.1412408,5409837266.182316
2021-02-21,21.80761069394844,1451021713.747983,5120948062.9297085
2021-02-22,21.671784245400495,1520834665.6356297,5191035624.652332
2021-02-23,21.26830921676902,1670871057.8695936,5022113135.567633
2021-02-24,20.193504581943586,2408559874.4179187,4802772357.876554
2021-02-25,19.59427590624494,1348657073.9352221,4675636339.796972
2021-02-26,17.70089134452898,1043020993.2887661,4262040243.2573924
2021-02-27,18.83632325074485,1220362372.3004735,4449239356.287194
2021-02-28,19.355633349039305,727012030.4620073,4593635356.443398
2021-03-01,17.649929199843235,628328073.7467096,4234947494.7012854
2021-03-02,18.672048025373833,425949990.0200457,4436392775.879903
2021-03-03,18.901338445307708,712948564.2944261,4508752066.095529
2021-03-04,21.722386314377967,715958813.3246592,5225002711.967252
2021-03-05,18.975222901028584,792096681.5361925,4529451595.053163
2021-03-06,18.7338417927507,428785196.45549774,4449742319.601929
2021-03-07,18.935613414511113,402625310.3692889,4516638906.693953
2021-03-08,19.50316592139768,756101827.3424069,4647043250.504965
2021-03-09,19.366422760425532,905564121.4729784,4618139790.214853
2021-03-10,21.122772327658804,1126024629.058788,5003352610.661301
2021-03-11,19.599751678267317,1048079042.312291,4680372475.2270355
2021-03-12,19.129267333852294,898737848.4778271,4560356784.960272
2021-03-13,18.41284596219948,949017281.7671559,4401030762.673318
2021-03-14,19.38557463881717,836233172.1823409,4625686406.782559
2021-03-15,18.670400130801642,700706808.1457729,4472796553.908299
2021-03-16,20.067493625963714,1240502810.5235884,4830787771.024075
2021-03-17,21.083847107201933,1226200293.9041805,5032005513.357358
2021-03-18,21.018598035492,1086177508.4450226,5020358014.314317
2021-03-19,22.310514010911575,1594445714.1000805,5341341154.955626
2021-03-20,22.26311909310373,1072565084.5915908,5320921062.801447
2021-03-21,21.138843223962315,699087104.4411081,5047683679.656253
2021-03-22,20.576788579624132,792492395.1323009,4910495197.258009
2021-03-23,19.37474916430244,843025129.2566311,4634483618.799305
2021-03-24,18.81444541580164,801069571.8882408,4477710605.894937
2021-03-25,17.558524639256678,871487265.1740274,4212382674.4733353
2021-03-26,17.09478556987532,1037111019.74192,4066850822.52236
2021-03-27,18.979792841686855,863472028.7285413,4495552704.276024
2021-03-28,18.696976640637004,756128846.8237213,4476287262.895266
2021-03-29,19.30710439543926,798395603.2348317,4597808125.437917
2021-03-30,20.205403553882803,555483225.5733472,4786320966.3340645
2021-03-31,19.84757898112101,734830967.9323066,4718832934.429052
2021-04-01,19.0539225626015,893610783.9077492,4547557113.153633
2021-04-02,19.49203515505167,802483771.026637,4640892111.940545
2021-04-03,20.182278547152915,784494749.3475672,4826068254.00362
2021-04-04,20.129287671236835,1367141110.7045803,4832862583.096221
2021-04-05,21.61157808160742,1030457047.9279373,5130214014.738472
2021-04-06,21.396994385199115,998422551.444953,5102237212.060441
2021-04-07,21.693863770371248,1250670497.201518,5173494054.0253315
2021-04-08,19.628379921048335,1320334643.2022958,4713646601.386936
2021-04-09,20.52087737083074,828396001.3367723,4892503805.763815
2021-04-10,21.379199297798976,707239809.1482928,5058548780.593177
2021-04-11,21.09606716549631,923459374.21999,5043069192.10071
2021-04-12,23.2945561442923,944081745.4420066,5545446672.535228
2021-04-13,22.12109648220006,1176992559.1935756,5277586862.893188
2021-04-14,24.11622884080136,1341225023.5523634,5745930395.18868
2021-04-15,26.62631242077319,1963910520.0697432,6349814344.576912
2021-04-16,27.735398967356,1796999159.6961598,6594393883.408855
2021-04-17,25.535475684306984,1410533702.317699,6097863649.743082
2021-04-18,24.541026683219695,1160114515.5621946,5885950449.764035
2021-04-19,21.43255910523884,1727055979.523764,5160838452.5781
2021-04-20,19.236729044647287,1132555240.1254358,4641677270.192002
2021-04-21,21.210681560634853,1490767142.4415507,5066795702.3468485
2021-04-22,19.779673939082056,1059374019.6204865,4723363643.05089
2021-04-23,18.974931207249785,1209696779.3039465,4560719331.226711
2021-04-24,20.494796081794306,1449092721.3408518,4872861418.135137
2021-04-25,18.422882311348996,835378931.2582941,4420589297.453658
2021-04-26,18.560301803396484,757759077.7084316,4419414808.705526
2021-04-27,22.105823763334634,1106291678.066814,5294076184.703048
2021-04-28,22.965514684082844,960581047.3298345,5489441810.10109
2021-04-29,22.968376391690573,1072994286.9716767,5473754373.2564535
2021-04-30,22.053458001744914,865905712.5790721,5270302376.279761
2021-05-01,22.7795884012744,882814524.4643149,5427021204.5368185
2021-05-02,23.77256544405646,920251327.8557689,5675733174.227128
2021-05-03,23.07431181476559,820085301.0582117,5499904954.460881
2021-05-04,23.040004694354273,859337848.7569498,5505613614.341372
2021-05-05,21.074836771913724,1044193098.5494145,5063444289.269326
2021-05-06,24.73895598891405,1203685570.0602977,5849546170.405898
2021-05-07,25.485495061752744,1613149532.9347818,6079728569.862177
2021-05-08,28.5538430724954,2393648798.017336,6778870413.469043
2021-05-09,29.356006937142066,1774272732.7548506,6935286048.81555
2021-05-10,28.687656093378273,1288370771.1118593,6839299397.521035
2021-05-11,25.439133406272077,1182706872.423108,6079822411.726809
2021-05-12,27.012899318219873,1145550891.8030033,6425312579.002882
2021-05-13,23.229675298420972,1114002770.3241792,5758926860.49263
2021-05-14,23.371162825812597,1197227644.9121625,5548055581.051103
2021-05-15,25.652975986668643,1013365895.6878086,6129223743.67828
2021-05-16,24.62392145144141,1775158109.2616634,5877552039.323613
2021-05-17,24.373998931641303,1286469862.9476914,5760684895.928548
2021-05-18,20.997528563227153,1175746723.8536377,5050278698.529348
2021-05-19,22.99741014389802,1002663821.752332,5428517027.914929
2021-05-20,14.083117871647202,1345473915.6092331,3440204972.1403937
2021-05-21,16.350326548133918,1148700279.804092,3917556281.292537
2021-05-22,13.30329993062348,903000891.4380996,3190863033.191848
2021-05-23,12.336315191442432,689069570.7239447,2947119998.6469755
2021-05-24,11.871411675092848,933764427.1167527,2784160580.081201
2021-05-25,14.31774929013702,852643224.9676018,3394865288.371372
2021-05-26,13.889623630068996,759312231.4884304,3313440805.6072245
2021-05-27,15.143508321740502,756677313.5319842,3604828465.7273498
2021-05-28,14.484000728561501,651656377.7293445,3408472586.7962685
2021-05-29,12.755102738759017,649330326.5685277,3042425509.4164844
2021-05-30,12.229071930759693,607615174.9318337,2931515199.5917892
2021-05-31,12.525648669244388,514327119.768365,2984868761.225294
2021-06-01,13.920352267044771,537323732.5138923,3321220548.2489796
2021-06-02,13.73060670833664,531872278.15802026,3289893135.5288367
2021-06-03,14.901919806088388,556115861.9634334,3550491243.6059117
2021-06-04,16.606500427231467,748088415.9160821,3998180401.4185233
2021-06-05,15.05807381624502,697815664.7154,3611820815.255575
2021-06-06,14.915914495609627,640741711.737517,3523071210.373065
2021-06-07,15.120116429867988,482649629.4798479,3594991752.458849
2021-06-08,13.377394334989548,534011026.5994876,3254646529.0285254
2021-06-09,13.56808648545366,647827723.308401,3251382504.037901
2021-06-10,13.989588737729592,590264719.3484379,3339404351.0618467
2021-06-11,12.824259742824596,462313013.18513805,3075756185.8168783
2021-06-12,11.813532973466879,440022594.8999458,2804691355.670585
2021-06-13,11.63022422057147,492309360.0133471,2790671120.724031
2021-06-14,12.579266623778347,486469759.5710178,2974251026.934036
2021-06-15,13.292871325998368,513827514.06937385,3172217126.2557817
2021-06-16,13.046832286919102,461135850.7453334,3121312543.040755
2021-06-17,13.259594112294822,530262340.8892284,3105840395.5407887
2021-06-18,13.593814481435691,606877670.7727067,3226538367.985575
2021-06-19,12.478050085899268,483880683.8481101,2983220237.9233828
2021-06-20,11.911410550212025,403131515.0862236,2843053867.0216026
2021-06-21,12.011719588703164,438075769.5933193,2898805258.8668466
2021-06-22,9.683957717807186,524344870.96148324,2340244642.503139
2021-06-23,8.918121897705955,586935522.4975336,2113924561.7417564
2021-06-24,9.638009488468414,469312649.70467454,2297615621.137226
2021-06-25,10.310888157500553,440887310.1764251,2460951745.171435
2021-06-26,9.350326374337717,467853018.866311,2233444562.5013857
2021-06-27,9.465741510130886,409541099.3369216,2240302808.454527
2021-06-28,10.001176618911206,400287006.13869137,2393476798.59227
2021-06-29,10.89154726855281,396698232.522859,2973119514.5491004
2021-06-30,11.609672231868801,555226089.4707476,3226638067.0250463
2021-07-01,12.032506362796449,491701745.368767,3312623709.587429
2021-07-02,11.226299734254928,426874573.64454347,3086491750.5039816
2021-07-03,11.717782727035473,431821478.8231891,3204327576.4150076
2021-07-04,11.796158673646879,389464650.78865176,3248112569.558036
2021-07-05,12.220889854921232,378372135.1606757,3383584202.788073
2021-07-06,13.592733429668197,735278435.4809917,3745749485.8352323
2021-07-07,13.137723130026384,527925737.0276494,3658620324.21135
2021-07-08,12.929144387399768,447356651.39039403,3583076586.6898885
2021-07-09,12.033021363880904,458772413.60936385,3316122125.039502
2021-07-10,13.315208567327966,615158698.97825,3645137371.068172
2021-07-11,14.433961079347455,572692357.8820437,3981477598.5372543
2021-07-12,14.02750382086493,521921861.937084,3868991273.6244
2021-07-13,13.06449674091347,482767462.3080236,3599845759.9893174
2021-07-14,12.005114325332157,536815059.54666156,3319686110.4499526
2021-07-15,11.70433887445096,548169834.4657276,3225584626.8118877
2021-07-16,11.339139882323922,476294807.96546435,3135708141.8958974
2021-07-17,11.226461783989722,719424298.9041679,3099414058.28108
2021-07-18,11.082312962162321,517008415.3532436,3065942355.0254574
2021-07-19,11.052170591325718,446652228.83462054,3049301882.040152
2021-07-20,10.017648691336637,415856546.9139563,2797981610.713962
2021-07-21,9.472510385971665,435869069.91464615,2615855119.57259
2021-07-22,10.485530113811503,459772111.5050122,2884623021.237014
2021-07-23,11.358338522434737,479608120.9318306,3138252318.1531453
2021-07-24,11.412881822006963,453933106.13546985,3151169181.35981
2021-07-25,11.520045056506708,429240815.0408468,3175197317.259868
2021-07-26,11.565444654994996,378199998.96631604,3196322944.706438
2021-07-27,11.382775396894251,518147963.53047484,3160021673.059815
2021-07-28,11.70188016776775,432721444.87314075,3221865581.695136
2021-07-29,11.577413158104347,353230929.48832715,3196547129.0295377
2021-07-30,11.755971372180086,286462952.06643355,3261634419.943108
2021-07-31,12.216065383063258,313964766.7330373,3376920873.4914975
2021-08-01,12.712404206694377,313603601.75746524,3519593759.769344
2021-08-02,12.310648889471498,371051114.824766,3401179157.8754296
2021-08-03,12.527917085047134,268723434.82459164,3483523073.3667445
2021-08-04,12.159292247867239,230971397.25138903,3367857517.1789484
2021-08-05,12.797567242383003,158641938.12575915,3561839819.7144823
2021-08-06,12.996847068201792,275995122.7162036,3605997303.552028
2021-08-07,13.568904252233231,307390755.8717862,3760834007.2723374
2021-08-08,14.002243703887075,341532475.4227017,3879647988.314069
2021-08-09,13.129581779666921,285525326.4241486,3651797601.512588
2021-08-10,13.61751604480496,308347768.4648634,3736545003.878501
2021-08-11,14.070378129211155,321131030.8138146,3908057859.5889893
2021-08-12,14.575630236231728,409274588.93943,4040473479.4368186
2021-08-13,14.033410781993673,225757386.1093553,3893577606.4399843
2021-08-14,15.234263167038538,210365683.69584915,4238351960.633295
2021-08-15,15.448741620585867,259437411.84929827,4296581055.733097
2021-08-16,15.735914964221948,211558241.3225709,4359808137.153123
2021-08-17,15.8390498656663,303035190.3863455,4482190804.573157
2021-08-18,16.025198528819494,505170608.43005353,4495596299.419733
2021-08-19,18.323762044402923,584429084.7086338,5066893669.082184
2021-08-20,18.84642429042633,1178940201.831808,5304525475.372145
2021-08-21,18.92587788085855,539784917.8394101,5251520129.828711
2021-08-22,22.276673002230435,1411547957.06839,6202445642.07312
2021-08-23,21.794418752760954,1082330400.3178172,6063304899.296714
2021-08-24,21.838889150719133,684538203.3630302,6076534264.887031
2021-08-25,19.83032121274469,574467808.7227778,5526634707.620647
2021-08-26,20.0591318867293,489572473.27585983,5583311948.884106
2021-08-27,18.27044146405519,393648857.02482826,5090599955.849784
2021-08-28,20.36345816964876,515313935.694065,5657683013.618045
2021-08-29,21.267009880022375,443278044.1136573,5914707727.56228
2021-08-30,21.413111527737048,566863528.5724977,5970444078.158794
2021-08-31,21.951109366284527,792505448.6790774,6103052856.747182
2021-09-01,23.006582128947088,1350804806.5577698,6404804316.610831
2021-09-02,25.097000527000024,1176993130.4747376,6993096501.286567
2021-09-03,24.254315694496068,590744087.1517764,6742392334.575354
2021-09-04,24.115834641922184,575741372.1640021,6705462864.948675
2021-09-05,24.46243063394935,511286813.4604882,6827578884.144485
2021-09-06,25.72912436839265,557405441.9043192,7155292450.95691
2021-09-07,25.257983135995016,701866077.7506413,7054139864.30393
2021-09-08,21.021374632516647,1004613445.623355,5875635787.99749
2021-09-09,20.444984989510086,678949960.2111942,5739984626.537423
2021-09-10,26.936238719762976,2005876014.388949,7430475516.846569
2021-09-11,29.443036283129377,2437849927.460342,8200350218.57234
2021-09-12,27.16741508701987,1314793760.6492355,7561907311.108657
2021-09-13,34.973468397332404,2388567575.273148,9707787084.422632
2021-09-14,35.80780833928066,3194474601.9659286,9974779158.77487
2021-09-15,34.3322443658892,2185194813.0952964,9585685989.57172
2021-09-16,33.78405246357182,1078123643.9640021,9426104605.102327
2021-09-17,36.4521975444269,1524740494.4974194,10178908648.10098
2021-09-18,33.384476903450334,1385731533.2213244,9333441397.936258
2021-09-19,40.0362440133047,1996049503.6300094,11173587716.639471
2021-09-20,43.844974043105054,2094162221.637949,12320266173.418587
2021-09-21,34.023880522615414,2694054909.8128405,9395643018.0452
2021-09-22,29.90865870322967,2142300387.358487,8362559753.32929
2021-09-23,39.62328129190819,2196473553.7722282,11033999893.971037
2021-09-24,41.8780063869765,2739967201.059863,11673601629.133808
2021-09-25,42.24390919856816,2409045204.1983547,12036713066.725475
2021-09-26,39.63541836583587,1342090719.3566546,11116132188.232363
2021-09-27,39.391575242696874,1394567511.9409993,11013501102.95245
2021-09-28,37.17151094867597,1074216616.6938512,10473328294.244915
2021-09-29,33.54961088819666,908947953.4838219,9432533171.980463
2021-09-30,33.72096192881218,878280646.3414807,9421923674.474642
2021-10-01,36.21846475319402,892469363.4548703,10139395033.772402
2021-10-02,37.75756829696479,903595468.2281839,10550833698.81736
2021-10-03,38.709327713543864,923733506.6791725,10839410389.416292
2021-10-04,38.92623462966413,753771882.4504873,10901284549.496271
2021-10-05,36.74652007639558,862903240.0672656,10345548877.04834
2021-10-06,36.94777863860824,873557988.6530454,10392068798.944803
2021-10-07,35.225780112207076,912900209.2066877,9877777229.433323
2021-10-08,36.716389599100445,879454089.4177685,10274221387.198648
2021-10-09,35.0483593162197,622655712.0915955,9850684326.468578
2021-10-10,35.216647957446504,453896347.83702475,9888989571.623375
2021-10-11,32.36811909954478,533110905.20681316,9081837665.174986
2021-10-12,32.01870552561038,505733829.1333519,8957755042.886473
2021-10-13,33.29966040499072,784400676.4137629,9331285226.593336
2021-10-14,34.622069699356935,822867013.6310526,9729607224.666021
2021-10-15,33.7588948950343,638739004.3645726,9462552379.783072
2021-10-16,33.15991735667494,560178864.7085646,9318469167.933613
2021-10-17,33.31303290312281,422769618.3788841,9321238692.86001
2021-10-18,32.444786085873105,363690943.1653468,9097409321.210493
2021-10-19,31.87296268930551,338960347.005964,8965645144.340864
2021-10-20,34.964625444673786,759622371.1219941,9799904411.292593
2021-10-21,35.96670984781557,634729889.8583694,10126731129.435917
2021-10-22,34.492135342514196,644772384.4592319,9701115094.736254
2021-10-23,34.208327754018114,744788479.0642109,9627773626.02603
2021-10-24,35.83360241849028,707025571.4468126,10065537982.482668
2021-10-25,34.384616024250285,467722618.99350256,9656048676.921137
2021-10-26,35.366768050446,454062029.92534834,9942968408.902927
2021-10-27,42.95210435774217,1878903455.5733595,12021810149.283943
2021-10-28,36.91108689629717,1592951338.2390666,10409642032.825907
2021-10-29,38.16809858244042,969093307.6323678,10764390058.474276
2021-10-30,39.42002459106207,771669713.6974381,11031992301.086039
2021-10-31,37.186817041723536,528493682.74461704,10480183374.319271
2021-11-01,37.42964865246107,519743513.23734015,10559438134.395704
2021-11-02,37.47035701946299,658157421.1362734,10586218626.498158
2021-11-03,37.01494877052719,580153912.705495,10376028453.184898
2021-11-04,38.46322939809849,818788288.8554575,10745418087.84917
2021-11-05,37.50732235938287,679549193.7330769,10480314308.962368
2021-11-06,36.98112123506388,499859849.2678067,10400440988.029093
2021-11-07,36.332190312805274,461254817.0429436,10244147182.152508
2021-11-08,35.78945903726396,353094893.7422561,10083434738.869513
2021-11-09,36.60715911903402,568099913.0962951,10330121968.727354
2021-11-10,35.79848829869842,596355614.28915,10095596531.394579
2021-11-11,32.15140101655048,958058338.8137906,9038643681.271164
2021-11-12,33.10606452631609,545566048.3185666,9350310938.376373
2021-11-13,32.12603013231346,509823504.4305929,9058251585.803524
2021-11-14,32.66572630962995,318201232.5892422,9230015622.268797
2021-11-15,31.93353574466562,269835126.7263793,8970050189.54283
2021-11-16,31.569451611976646,439310632.93311363,8909778140.867317
2021-11-17,28.572022650816606,719487355.1582832,8078906654.448756
2021-11-18,29.575444957113888,544347500.4278063,8337175145.110306
2021-11-19,26.47573970299298,541730251.4231979,7469852037.283784
2021-11-20,28.209935345413683,368544115.6127031,7967362575.192305
2021-11-21,29.569252270589477,335268852.0135347,8349293735.817064
2021-11-22,31.37695234714589,532750488.1076877,8912097968.104969
2021-11-23,32.16650776929644,1150549965.8174536,9110774498.972246
2021-11-24,32.2012652071269,700434562.8361291,9114604077.278793
2021-11-25,29.658690334827252,506669333.43594575,8391670073.977803
2021-11-26,29.66471236828052,419140392.1396217,8414880384.023464
2021-11-27,26.979886142145855,708837722.9425206,7622319623.075558
2021-11-28,26.6771730763626,328799181.65488154,7535749992.005591
2021-11-29,27.359378847890362,371240244.205948,7747316279.189924
2021-11-30,28.038508154214156,337184501.79847175,7940355631.039586
2021-12-01,27.592033970045797,436538350.18983424,7853026387.363763
2021-12-02,26.615349321396934,378066238.42869544,7539593630.525845
2021-12-03,28.279911658651663,446846473.5721967,8019762550.936983
2021-12-04,32.70939631298948,1766732137.3352573,9351281608.904308
2021-12-05,28.050446818591425,1743237399.625734,7951023551.070164
2021-12-06,24.633648462656502,824285278.5577314,6950391853.077035
2021-12-07,24.34591656727006,799267750.177984,6901113373.16055
2021-12-08,24.292917508293808,525965427.1787748,6870769351.292518
2021-12-09,25.199720607543252,536408376.46783674,7139436879.322589
2021-12-10,22.58126586137882,383304204.7370069,6468513656.960284
2021-12-11,22.663499160784312,406735968.62479085,6478908461.171779
2021-12-12,24.34108891104911,450735731.5520387,6909717423.021141
2021-12-13,24.596391630080653,344278470.52384186,6943087545.046397
2021-12-14,21.758678252550393,383720189.1092557,6178935441.089958
2021-12-15,21.700585839055535,318291686.6217367,6150044743.511573
2021-12-16,22.35194093213134,423684439.93505216,6334587758.178769
2021-12-17,21.794446035019913,303499783.9185485,6193652395.81249
2021-12-18,21.3115799990798,279591203.2903458,6047767022.85508
2021-12-19,23.107866103174334,281237445.1596816,6534314844.346048
2021-12-20,22.186816266000246,276416211.7522777,6330402283.99428
2021-12-21,21.633196782753387,293942372.24048537,6171230871.88472
2021-12-22,23.56900212067942,308542180.42479545,6682291503.807505
2021-12-23,27.360362921334584,908180567.9130275,7752593052.224935
2021-12-24,28.545887232119252,717054898.3415011,8122922768.667216
2021-12-25,26.976263671401615,457902418.0412037,7661696798.306933
2021-12-26,29.491686244199528,419930390.73299897,8372487597.902967
2021-12-27,32.18242008932204,831271168.9033117,9111537414.186304
2021-12-28,29.770556009601595,643405324.5237522,8499267250.752295
2021-12-29,26.77837720583099,799813367.4549648,7658408631.436536
2021-12-30,27.993757799867403,788524290.5345699,7734245432.063119
2021-12-31,30.242086545043552,931538507.8964297,8608785747.321943
2022-01-01,32.511087536772024,1242541932.617942,9280496478.972542
2022-01-02,36.120485455453334,1518920712.8057306,10292327717.066288
2022-01-03,35.612887578155764,921332289.2297732,10143172221.418436
2022-01-04,39.34573684551364,1586196958.5243,11241777006.75242
2022-01-05,42.097936398552385,2250508635.3276887,12275004299.240047
2022-01-06,39.03544764836552,1979399565.1887863,11189849558.588587
2022-01-07,40.21120783303952,1814640279.0465083,11464152953.76662
2022-01-08,38.82629563948627,3203811605.166772,11210969888.949266
2022-01-09,36.00902221769303,1754901336.8082633,10345325849.018055
2022-01-10,35.10470527037186,1526091849.4547026,10038802789.99514
2022-01-11,37.924254718457874,2062125812.9070263,10816505552.177544
2022-01-12,38.86218624240033,1696201245.861521,11159365170.109425
2022-01-13,40.249675946363176,1664568662.9535646,11505579349.567825
2022-01-14,37.69824571426387,1323315126.3249073,10905043523.30042
2022-01-15,40.493562880638606,1260104620.8299878,11554931430.017805
2022-01-16,39.27955361389856,818132802.0321491,11260591458.043362
2022-01-17,43.52499869130848,1300923826.0248744,12451582328.282324
2022-01-18,39.31080440749911,1380038116.6588383,11243811367.96096
2022-01-19,38.34930828177989,1224724352.7226608,10995966608.218847
2022-01-20,36.92662179936451,985758651.5669775,10593765771.985468
2022-01-21,39.07276164194776,1780586124.5406477,11285585080.167103
2022-01-22,34.34976803122491,2885417892.7089376,9853427973.379734
2022-01-23,29.267803768360988,2083329345.1216266,8400323320.151299
2022-01-24,34.4643476848815,2141138012.6718352,9829090509.556166
2022-01-25,36.104308178158796,3497675035.8980274,10361693527.149603
2022-01-26,36.06152355950184,2150658970.105875,10331276974.018904
2022-01-27,32.49571070982426,2149672708.629963,9383601995.098368
2022-01-28,30.18353916305386,1474349362.5331912,8662299700.286915
2022-01-29,29.583590770619534,1148283605.371341,8470481418.548961
2022-01-30,29.221966221942843,814096164.782264,8379304928.248502
2022-01-31,27.29021994639074,709414300.3624048,7834653893.125428
2022-02-01,28.174290194508053,845084220.2957767,8049725330.16
2022-02-02,29.063002558735487,842535277.5653257,8380617107.024742
2022-02-03,26.41308374928689,588835395.543213,7607479644.065063
2022-02-04,29.49489566518412,981533471.535811,8472747136.599482
2022-02-05,31.11278153295213,1049656604.6773338,8914581692.177204
2022-02-06,30.881639634846454,741845953.5440284,8928958666.727245
2022-02-07,31.321912758638643,613687518.5917375,9020448279.15336
2022-02-08,31.754634723859542,990332805.9943941,9167343586.248861
2022-02-09,30.53102518115707,821540042.6081483,8798550837.309319
2022-02-10,30.963072795708523,593135847.6879745,8919335828.48077
2022-02-11,29.179916422671667,702149916.9586935,8403073633.325664
2022-02-12,26.557823043187096,556176253.573416,7649426554.425297
2022-02-13,27.046407032763103,570301727.1459777,7765396117.800915
2022-02-14,26.38992746168969,345636848.88258207,7618903067.338442
2022-02-15,27.220738553175977,484842319.0342694,7860219184.023976
2022-02-16,28.989646487577623,597491958.3250836,8397083911.699718
2022-02-17,28.575496580856043,418205245.21377057,8279725807.947251
2022-02-18,28.017107744402715,1078881238.511518,8083980100.492796
2022-02-19,27.070861420161155,648991059.3312029,7826711034.086908
2022-02-20,26.71728405125772,302529848.836479,7698851971.6136465
2022-02-21,26.292295506798705,449269159.18948627,7651307002.949011
2022-02-22,23.81989684344899,691016888.3835258,6925185222.461134
2022-02-23,24.848205422402017,559220705.6952095,7181622418.21377
2022-02-23,26.407724182400806,525783078.3719482,7651215159.420099
