Date,Open,High,Low,Close,Volume,Currency
2018-02-07,0.136,0.1469,0.12,0.1224,39601680,USD
2018-02-08,0.1227,0.1388,0.1216,0.1301,37181000,USD
2018-02-09,0.1298,0.1479,0.1189,0.142,37419764,USD
2018-02-10,0.1418,0.1466,0.1249,0.1297,23596142,USD
2018-02-11,0.1297,0.1305,0.1068,0.1162,20200004,USD
2018-02-12,0.1196,0.1251,0.1101,0.116,22127804,USD
2018-02-13,0.1162,0.118,0.1128,0.1149,17884872,USD
2018-02-14,0.1149,0.1299,0.1136,0.1289,21396158,USD
2018-02-15,0.129,0.162,0.1213,0.1415,41913240,USD
2018-02-16,0.1409,0.1445,0.1315,0.1407,24177848,USD
2018-02-17,0.1405,0.1949,0.1383,0.1667,38834172,USD
2018-02-18,0.1675,0.187,0.1504,0.1666,35839056,USD
2018-02-19,0.1669,0.178,0.1637,0.1692,20945984,USD
2018-02-20,0.1691,0.1715,0.142,0.1431,24592548,USD
2018-02-21,0.143,0.148,0.1231,0.1278,23368508,USD
2018-02-22,0.1278,0.1441,0.1194,0.1295,22573508,USD
2018-02-23,0.1295,0.136,0.1236,0.1306,19131448,USD
2018-02-24,0.131,0.1368,0.1215,0.1258,17945532,USD
2018-02-25,0.1258,0.1292,0.1123,0.1136,19701990,USD
2018-02-26,0.1133,0.1325,0.1117,0.1247,23837468,USD
2018-02-27,0.1246,0.1498,0.1205,0.1386,26467738,USD
2018-02-28,0.1385,0.149,0.1309,0.146,31910688,USD
2018-03-01,0.1463,0.215,0.1454,0.215,67590776,USD
2018-03-02,0.2131,0.2139,0.1702,0.1942,56384464,USD
2018-03-03,0.1946,0.2348,0.1807,0.2291,47619688,USD
2018-03-04,0.2295,0.2433,0.1978,0.2144,49747512,USD
2018-03-05,0.2147,0.2242,0.2021,0.2146,35864788,USD
2018-03-06,0.2146,0.2189,0.1821,0.2033,33637544,USD
2018-03-07,0.204,0.2079,0.1522,0.1677,31871992,USD
2018-03-08,0.1677,0.1773,0.1306,0.136,34273248,USD
2018-03-09,0.1366,0.1756,0.119,0.1676,45424412,USD
2018-03-10,0.1655,0.193,0.1555,0.1632,76492896,USD
2018-03-11,0.1624,0.1888,0.151,0.1812,65996540,USD
2018-03-12,0.1816,0.1829,0.161,0.1677,36091748,USD
2018-03-13,0.1677,0.169,0.1555,0.1629,18849408,USD
2018-03-14,0.1627,0.1635,0.145,0.1462,23172860,USD
2018-03-15,0.1461,0.1494,0.1321,0.1459,24330448,USD
2018-03-16,0.1454,0.1529,0.1376,0.1457,20130996,USD
2018-03-17,0.1461,0.1499,0.1387,0.1421,17010326,USD
2018-03-18,0.142,0.1424,0.1191,0.1386,23592820,USD
2018-03-19,0.1387,0.1505,0.1357,0.1483,23577932,USD
2018-03-20,0.1485,0.1629,0.1374,0.1546,27276668,USD
2018-03-21,0.1545,0.166,0.1491,0.1542,21542964,USD
2018-03-22,0.1541,0.158,0.1402,0.1486,19527768,USD
2018-03-23,0.1485,0.1541,0.1384,0.1512,21208650,USD
2018-03-24,0.151,0.156,0.1436,0.1436,21272492,USD
2018-03-25,0.1438,0.1492,0.1417,0.1437,16155307,USD
2018-03-26,0.1435,0.1453,0.1253,0.1319,20155458,USD
2018-03-27,0.1317,0.1346,0.1251,0.1282,14520471,USD
2018-03-28,0.1279,0.1397,0.1264,0.1336,21690592,USD
2018-03-29,0.1329,0.1353,0.1159,0.1184,21383676,USD
2018-03-30,0.1183,0.1227,0.1128,0.1159,20840572,USD
2018-03-31,0.1159,0.1233,0.1138,0.1162,18351628,USD
2018-04-01,0.1164,0.1189,0.1049,0.1078,17796852,USD
2018-04-02,0.1075,0.1179,0.1057,0.1148,22877302,USD
2018-04-03,0.1144,0.1219,0.1127,0.1186,21454176,USD
2018-04-04,0.1186,0.1192,0.107,0.1087,19441324,USD
2018-04-05,0.1086,0.112,0.1046,0.107,18642240,USD
2018-04-06,0.1068,0.1098,0.0986,0.1003,21605468,USD
2018-04-07,0.1003,0.1084,0.1002,0.1037,20810284,USD
2018-04-08,0.1037,0.1083,0.1028,0.1048,18859742,USD
2018-04-09,0.1048,0.1095,0.1,0.106,24667950,USD
2018-04-10,0.1057,0.109,0.101,0.1044,22489350,USD
2018-04-11,0.1044,0.1157,0.1044,0.1132,34050396,USD
2018-04-12,0.1134,0.1265,0.1079,0.1257,50700056,USD
2018-04-13,0.1256,0.137,0.1217,0.1244,36288300,USD
2018-04-14,0.1249,0.1285,0.1161,0.1211,28776552,USD
2018-04-15,0.1212,0.1273,0.1211,0.1251,20756730,USD
2018-04-16,0.1252,0.1271,0.1117,0.1177,26098700,USD
2018-04-17,0.1176,0.1225,0.114,0.1165,25090342,USD
2018-04-18,0.1165,0.1255,0.1164,0.1239,21235308,USD
2018-04-19,0.1243,0.1462,0.1234,0.1379,34021816,USD
2018-04-20,0.1375,0.1465,0.1306,0.1446,27697958,USD
2018-04-21,0.1447,0.1493,0.13,0.1459,38433272,USD
2018-04-22,0.1459,0.1647,0.1414,0.1511,34584136,USD
2018-04-23,0.1509,0.1574,0.1453,0.149,23366756,USD
2018-04-24,0.1485,0.1616,0.147,0.1587,29956452,USD
2018-04-25,0.1588,0.1588,0.1253,0.1302,35542456,USD
2018-04-26,0.1303,0.1479,0.1261,0.1471,18922020,USD
2018-04-27,0.1468,0.1471,0.1325,0.1325,16339177,USD
2018-04-28,0.1324,0.1469,0.1308,0.1436,15659068,USD
2018-04-29,0.1437,0.1545,0.141,0.148,20582258,USD
2018-04-30,0.1479,0.155,0.1406,0.1426,14480388,USD
2018-05-01,0.1425,0.1428,0.1332,0.1406,12819163,USD
2018-05-02,0.141,0.1496,0.1396,0.1472,11491000,USD
2018-05-03,0.147,0.1839,0.1467,0.1743,33938000,USD
2018-05-04,0.1763,0.1825,0.1689,0.1763,16359274,USD
2018-05-05,0.1766,0.1797,0.1662,0.1685,12082858,USD
2018-05-06,0.1687,0.1689,0.1513,0.1654,14756582,USD
2018-05-07,0.1653,0.2149,0.1524,0.2111,45534036,USD
2018-05-08,0.2108,0.2267,0.1874,0.1987,31765044,USD
2018-05-09,0.1986,0.2182,0.18,0.2178,19934656,USD
2018-05-10,0.218,0.2346,0.2112,0.2158,24987204,USD
2018-05-11,0.2156,0.2158,0.1695,0.1788,30439002,USD
2018-05-12,0.179,0.1857,0.1548,0.1857,33400982,USD
2018-05-13,0.1857,0.1949,0.1724,0.1901,17816272,USD
2018-05-14,0.1901,0.2368,0.1785,0.2362,30850240,USD
2018-05-15,0.2365,0.2473,0.217,0.235,33197718,USD
2018-05-16,0.2344,0.248,0.2162,0.2393,37366340,USD
2018-05-17,0.2392,0.2415,0.2045,0.2081,20414134,USD
2018-05-18,0.208,0.2355,0.1974,0.2336,20900374,USD
2018-05-19,0.2337,0.2392,0.2218,0.2267,14686800,USD
2018-05-20,0.227,0.2344,0.2185,0.2281,8545029,USD
2018-05-21,0.2286,0.2311,0.2072,0.2207,13293895,USD
2018-05-22,0.2207,0.2259,0.1998,0.2011,11089449,USD
2018-05-23,0.201,0.2031,0.1625,0.1724,22119642,USD
2018-05-24,0.1722,0.1866,0.1567,0.1762,19550682,USD
2018-05-25,0.1761,0.1777,0.1653,0.1684,7074198,USD
2018-05-26,0.1681,0.1716,0.1642,0.1661,19282946,USD
2018-05-27,0.1653,0.172,0.1584,0.1626,27923824,USD
2018-05-28,0.1627,0.1741,0.1578,0.1614,31700196,USD
2018-05-29,0.1614,0.205,0.1612,0.1948,56939536,USD
2018-05-30,0.1948,0.2964,0.1948,0.2892,100253736,USD
2018-05-31,0.2888,0.291,0.2259,0.2458,94192056,USD
2018-06-01,0.2459,0.2731,0.2333,0.2628,56102212,USD
2018-06-02,0.2609,0.2668,0.2452,0.2541,35100440,USD
2018-06-03,0.254,0.2755,0.2531,0.2683,30134656,USD
2018-06-04,0.2684,0.2863,0.2425,0.2547,42705440,USD
2018-06-05,0.2547,0.2631,0.2382,0.2593,23520068,USD
2018-06-06,0.2593,0.2685,0.2474,0.256,13252050,USD
2018-06-07,0.256,0.2618,0.2364,0.2382,9842074,USD
2018-06-08,0.2382,0.2424,0.2302,0.231,9540741,USD
2018-06-09,0.231,0.2329,0.2056,0.2077,10506010,USD
2018-06-10,0.207,0.2084,0.17,0.179,18339272,USD
2018-06-11,0.178,0.2089,0.1754,0.2016,27241284,USD
2018-06-12,0.2014,0.2047,0.175,0.1807,20408036,USD
2018-06-13,0.1805,0.1818,0.1517,0.1622,27450678,USD
2018-06-14,0.162,0.1775,0.1566,0.1732,28536606,USD
2018-06-15,0.174,0.1744,0.16,0.1615,15833767,USD
2018-06-16,0.1613,0.1684,0.1588,0.1649,8145078,USD
2018-06-17,0.1646,0.1661,0.1588,0.1588,8161846,USD
2018-06-18,0.1595,0.1634,0.1481,0.1601,11440476,USD
2018-06-19,0.16,0.1613,0.15,0.1534,12685529,USD
2018-06-20,0.153,0.1551,0.1426,0.1482,14161377,USD
2018-06-21,0.1481,0.1683,0.1477,0.1533,23901586,USD
2018-06-22,0.1533,0.1615,0.122,0.1256,40390980,USD
2018-06-23,0.1256,0.1322,0.1206,0.1246,16750871,USD
2018-06-24,0.1243,0.1511,0.1045,0.137,43860032,USD
2018-06-25,0.1371,0.1752,0.1287,0.1598,61239484,USD
2018-06-26,0.1599,0.1889,0.1498,0.1534,46515644,USD
2018-06-27,0.1534,0.1862,0.1508,0.1633,46798504,USD
2018-06-28,0.1633,0.1657,0.135,0.139,27281646,USD
2018-06-29,0.1384,0.1697,0.1321,0.1594,34481936,USD
2018-06-30,0.1601,0.1732,0.155,0.1631,33599632,USD
2018-07-01,0.1632,0.1678,0.1516,0.1616,16701412,USD
2018-07-02,0.1618,0.1699,0.153,0.1637,25025380,USD
2018-07-03,0.1635,0.1785,0.1601,0.1638,28112268,USD
2018-07-04,0.1645,0.172,0.1551,0.1627,22533166,USD
2018-07-05,0.1626,0.1718,0.1521,0.1541,18712864,USD
2018-07-06,0.1543,0.1625,0.1452,0.1571,14540183,USD
2018-07-07,0.1571,0.1609,0.1503,0.1606,5630037,USD
2018-07-08,0.1603,0.1629,0.1537,0.1572,9462260,USD
2018-07-09,0.1572,0.1574,0.1427,0.1433,7637169,USD
2018-07-10,0.1435,0.1449,0.1283,0.1289,15396650,USD
2018-07-11,0.1288,0.1329,0.1199,0.1281,15304811,USD
2018-07-12,0.1283,0.1325,0.1182,0.1279,14643232,USD
2018-07-13,0.1283,0.1368,0.1224,0.1246,15022760,USD
2018-07-14,0.1246,0.1304,0.122,0.1258,6533209,USD
2018-07-15,0.1257,0.134,0.1248,0.1296,7771936,USD
2018-07-16,0.1298,0.1485,0.1281,0.1473,14616957,USD
2018-07-17,0.1475,0.1612,0.1402,0.1581,18955058,USD
2018-07-18,0.1584,0.1658,0.1524,0.1565,17192076,USD
2018-07-19,0.157,0.157,0.1447,0.1477,11509580,USD
2018-07-20,0.1474,0.148,0.129,0.1294,9393730,USD
2018-07-21,0.1295,0.1414,0.1265,0.1375,5573503,USD
2018-07-22,0.1374,0.1395,0.1307,0.1322,5709823,USD
2018-07-23,0.1319,0.1444,0.1306,0.1444,6651889,USD
2018-07-24,0.144,0.144,0.1308,0.137,12731051,USD
2018-07-25,0.1368,0.154,0.1365,0.1434,11789222,USD
2018-07-26,0.1431,0.1479,0.1308,0.1338,8154798,USD
2018-07-27,0.1337,0.1355,0.1267,0.1328,8730375,USD
2018-07-28,0.1327,0.1333,0.128,0.1322,6355622,USD
2018-07-29,0.1314,0.1345,0.1286,0.1334,5416791,USD
2018-07-30,0.1333,0.1335,0.121,0.127,6947576,USD
2018-07-31,0.1269,0.127,0.1124,0.1131,8610170,USD
2018-08-01,0.1136,0.1159,0.108,0.1137,7985062,USD
2018-08-02,0.1137,0.1152,0.1056,0.1065,7480159,USD
2018-08-03,0.1066,0.1169,0.1002,0.1112,10894567,USD
2018-08-04,0.111,0.1143,0.105,0.1079,7089505,USD
2018-08-05,0.1082,0.1259,0.1054,0.1208,10997152,USD
2018-08-06,0.1209,0.1231,0.1104,0.1166,7649284,USD
2018-08-07,0.1165,0.1174,0.107,0.1076,9010909,USD
2018-08-08,0.1076,0.1147,0.1,0.1027,17256216,USD
2018-08-09,0.1028,0.1115,0.1018,0.1079,14676803,USD
2018-08-10,0.108,0.1091,0.0964,0.0987,14365500,USD
2018-08-11,0.0987,0.0988,0.0802,0.0839,19453088,USD
2018-08-12,0.0839,0.0872,0.0825,0.0834,11249206,USD
2018-08-13,0.0833,0.0867,0.0732,0.0739,9615732,USD
2018-08-14,0.0739,0.0739,0.0592,0.0663,13741034,USD
2018-08-15,0.0663,0.0714,0.0638,0.0659,10005520,USD
2018-08-16,0.0658,0.0712,0.0639,0.0667,12784821,USD
2018-08-17,0.0666,0.094,0.0662,0.0936,29325032,USD
2018-08-18,0.0936,0.0937,0.072,0.0762,28330156,USD
2018-08-19,0.0762,0.087,0.0741,0.0842,15755705,USD
2018-08-20,0.0842,0.0868,0.0721,0.0727,11446790,USD
2018-08-21,0.0723,0.0774,0.0721,0.0758,5642893,USD
2018-08-22,0.0758,0.0819,0.0687,0.0687,10893129,USD
2018-08-23,0.0688,0.09,0.0688,0.083,20978196,USD
2018-08-24,0.0832,0.1146,0.0803,0.1083,50553280,USD
2018-08-25,0.1082,0.1118,0.102,0.1046,8632814,USD
2018-08-26,0.1045,0.1046,0.0942,0.0964,8661460,USD
2018-08-27,0.0964,0.1049,0.0942,0.1018,10333629,USD
2018-08-28,0.1019,0.1078,0.0998,0.1054,12415378,USD
2018-08-29,0.1052,0.1078,0.0982,0.1028,10527774,USD
2018-08-30,0.1028,0.1048,0.0953,0.1015,7245022,USD
2018-08-31,0.1015,0.1033,0.0986,0.1,6824743,USD
2018-09-01,0.1,0.1083,0.0999,0.1064,11491546,USD
2018-09-02,0.1063,0.1078,0.102,0.1043,6638569,USD
2018-09-03,0.1051,0.112,0.1025,0.1075,7533799,USD
2018-09-04,0.1075,0.1169,0.1063,0.111,10065215,USD
2018-09-05,0.111,0.1121,0.0874,0.0884,13163794,USD
2018-09-06,0.0885,0.0945,0.0825,0.0944,9716670,USD
2018-09-07,0.0944,0.0965,0.0851,0.0905,5425238,USD
2018-09-08,0.0904,0.094,0.0843,0.0855,5838793,USD
2018-09-09,0.0855,0.0896,0.082,0.0845,3343901,USD
2018-09-10,0.0846,0.0868,0.0821,0.0857,2200113,USD
2018-09-11,0.0857,0.0871,0.0794,0.0819,2627536,USD
2018-09-12,0.0819,0.0819,0.0737,0.0813,2835158,USD
2018-09-13,0.0811,0.0876,0.0796,0.0844,4481422,USD
2018-09-14,0.0844,0.0864,0.0805,0.0828,4699883,USD
2018-09-15,0.0827,0.0849,0.0811,0.0836,2397633,USD
2018-09-16,0.0836,0.0845,0.0799,0.0841,2180473,USD
2018-09-17,0.084,0.0892,0.0784,0.0822,8059925,USD
2018-09-18,0.0826,0.0868,0.0801,0.0822,5777078,USD
2018-09-19,0.0821,0.089,0.0816,0.0883,7062656,USD
2018-09-20,0.0883,0.089,0.085,0.0878,5793659,USD
2018-09-21,0.0879,0.0928,0.0869,0.0922,13305094,USD
2018-09-22,0.0921,0.093,0.0856,0.0882,6876406,USD
2018-09-23,0.0882,0.0903,0.0864,0.0888,3443520,USD
2018-09-24,0.0889,0.09,0.0842,0.0858,3178829,USD
2018-09-25,0.0859,0.0864,0.0821,0.0857,3071057,USD
2018-09-26,0.0857,0.0864,0.0833,0.0843,2052736,USD
2018-09-27,0.0843,0.0885,0.0834,0.0876,2564781,USD
2018-09-28,0.0877,0.0891,0.0844,0.0858,2981869,USD
2018-09-29,0.0858,0.0955,0.0837,0.0872,11654515,USD
2018-09-30,0.0872,0.0913,0.0857,0.0882,6715083,USD
2018-10-01,0.0884,0.0933,0.0884,0.0904,5561710,USD
2018-10-02,0.0904,0.0959,0.0902,0.0932,9470114,USD
2018-10-03,0.093,0.0932,0.0882,0.0912,5752119,USD
2018-10-04,0.0913,0.0991,0.0902,0.0989,7210822,USD
2018-10-05,0.0989,0.1031,0.0941,0.097,7895122,USD
2018-10-06,0.097,0.0976,0.093,0.0935,2207172,USD
2018-10-07,0.0935,0.0976,0.0922,0.0965,3175444,USD
2018-10-08,0.0965,0.1009,0.0964,0.0972,5289760,USD
2018-10-09,0.0972,0.0985,0.0953,0.0972,2889339,USD
2018-10-10,0.0973,0.101,0.0935,0.0989,3599117,USD
2018-10-11,0.0989,0.0989,0.0798,0.0799,8741448,USD
2018-10-12,0.0799,0.0842,0.0794,0.0833,2852462,USD
2018-10-13,0.0832,0.0884,0.0826,0.0846,3405796,USD
2018-10-14,0.0846,0.0931,0.0836,0.0913,4492026,USD
2018-10-15,0.0915,0.0994,0.0881,0.0925,12073098,USD
2018-10-16,0.0925,0.0955,0.0912,0.0928,1725180,USD
2018-10-17,0.0929,0.0965,0.0924,0.093,2531191,USD
2018-10-18,0.0931,0.0932,0.0875,0.0884,2712064,USD
2018-10-19,0.0886,0.0899,0.0873,0.0877,943463,USD
2018-10-20,0.0878,0.0913,0.0875,0.0908,904619,USD
2018-10-21,0.0909,0.092,0.0898,0.0902,1685542,USD
2018-10-22,0.0902,0.091,0.0887,0.0909,879149,USD
2018-10-23,0.0909,0.0922,0.088,0.0917,1137944,USD
2018-10-24,0.0916,0.0922,0.0895,0.0897,1070362,USD
2018-10-25,0.0897,0.0898,0.0872,0.0884,1184010,USD
2018-10-26,0.0884,0.0889,0.0871,0.0881,615672,USD
2018-10-27,0.0882,0.0917,0.088,0.0897,1235542,USD
2018-10-28,0.0897,0.0967,0.0893,0.0939,4664561,USD
2018-10-29,0.0938,0.095,0.0867,0.0884,3518843,USD
2018-10-30,0.0885,0.0911,0.0875,0.0892,1204571,USD
2018-10-31,0.0892,0.091,0.0865,0.0902,1086953,USD
2018-11-01,0.0901,0.096,0.0899,0.0943,3731590,USD
2018-11-02,0.0943,0.0955,0.0926,0.0939,1556169,USD
2018-11-03,0.094,0.0944,0.0909,0.0917,1073553,USD
2018-11-04,0.0917,0.0938,0.0905,0.0927,1365181,USD
2018-11-05,0.0927,0.0944,0.0921,0.0938,2326002,USD
2018-11-06,0.0938,0.094,0.0903,0.0927,2425607,USD
2018-11-07,0.0926,0.0936,0.0909,0.0933,2268790,USD
2018-11-08,0.0933,0.0949,0.0902,0.0915,2322080,USD
2018-11-09,0.0915,0.0918,0.0888,0.0892,1458371,USD
2018-11-10,0.0892,0.09,0.0881,0.0895,804105,USD
2018-11-11,0.0896,0.0897,0.086,0.0877,671330,USD
2018-11-12,0.0875,0.0923,0.0869,0.0898,2892221,USD
2018-11-13,0.0898,0.0906,0.0871,0.0871,2324109,USD
2018-11-14,0.0872,0.0876,0.0732,0.0765,4901988,USD
2018-11-15,0.0765,0.0774,0.0692,0.0744,2552294,USD
2018-11-16,0.0746,0.0771,0.071,0.0726,1512896,USD
2018-11-17,0.0725,0.0728,0.0686,0.0696,1480772,USD
2018-11-18,0.0696,0.0714,0.0692,0.0709,1127006,USD
2018-11-19,0.0709,0.0712,0.0592,0.0613,3359168,USD
2018-11-20,0.0609,0.0676,0.05,0.0518,11453326,USD
2018-11-21,0.0518,0.0576,0.048,0.0573,5915264,USD
2018-11-22,0.0573,0.0574,0.0528,0.053,2892476,USD
2018-11-23,0.053,0.0597,0.0504,0.0574,5643491,USD
2018-11-24,0.0574,0.0607,0.0505,0.0515,3588141,USD
2018-11-25,0.0515,0.0543,0.0457,0.0542,6417327,USD
2018-11-26,0.0542,0.0567,0.0489,0.0528,9070084,USD
2018-11-27,0.0527,0.053,0.0493,0.0518,4198091,USD
2018-11-28,0.0517,0.0566,0.0513,0.0548,8814616,USD
2018-11-29,0.0548,0.0562,0.0525,0.0536,5370468,USD
2018-11-30,0.0538,0.1235,0.0527,0.0899,89341264,USD
2018-12-01,0.089,0.09,0.0739,0.0802,20248844,USD
2018-12-02,0.0801,0.0802,0.067,0.0677,10169767,USD
2018-12-03,0.0679,0.0693,0.0601,0.0614,12013438,USD
2018-12-04,0.0617,0.0745,0.0617,0.0656,28131862,USD
2018-12-05,0.0656,0.0658,0.0571,0.0573,6212003,USD
2018-12-06,0.0575,0.0598,0.0493,0.0493,8275251,USD
2018-12-07,0.0493,0.0501,0.0427,0.0473,7600292,USD
2018-12-08,0.0475,0.0512,0.0438,0.046,5685836,USD
2018-12-09,0.046,0.0494,0.0449,0.0473,4483890,USD
2018-12-10,0.0473,0.0494,0.0453,0.0479,3715735,USD
2018-12-11,0.048,0.048,0.0444,0.0453,2525487,USD
2018-12-12,0.0453,0.0463,0.0443,0.0446,3388492,USD
2018-12-13,0.0446,0.0458,0.0418,0.0419,4162567,USD
2018-12-14,0.0418,0.0427,0.0405,0.0412,2216411,USD
2018-12-15,0.0412,0.0419,0.04,0.0412,1580955,USD
2018-12-16,0.0412,0.0425,0.0405,0.0412,1933464,USD
2018-12-17,0.0413,0.0455,0.0402,0.0444,4999360,USD
2018-12-18,0.0445,0.0458,0.0426,0.0454,6679069,USD
2018-12-19,0.0454,0.0514,0.0445,0.0457,12107475,USD
2018-12-20,0.0456,0.0501,0.0452,0.0493,7612608,USD
2018-12-21,0.0493,0.0515,0.0455,0.0479,14330186,USD
2018-12-22,0.0479,0.0656,0.0477,0.0548,38866844,USD
2018-12-23,0.0546,0.057,0.0532,0.0548,12152899,USD
2018-12-24,0.055,0.0584,0.0525,0.053,10141079,USD
2018-12-25,0.0531,0.0559,0.0456,0.0475,6674154,USD
2018-12-26,0.0475,0.0495,0.0457,0.0474,3163273,USD
2018-12-27,0.0474,0.0474,0.0424,0.0426,3394851,USD
2018-12-28,0.0426,0.0542,0.0426,0.049,20496938,USD
2018-12-29,0.0491,0.0543,0.0487,0.0489,8640877,USD
2018-12-30,0.0492,0.0501,0.0482,0.0489,2057096,USD
2018-12-31,0.0489,0.0491,0.046,0.0462,1271507,USD
2019-01-01,0.0462,0.0496,0.046,0.049,3710909,USD
2019-01-02,0.049,0.0498,0.0462,0.0495,6245719,USD
2019-01-03,0.0494,0.0542,0.0485,0.0519,6364096,USD
2019-01-04,0.0518,0.0518,0.0485,0.0506,4167303,USD
2019-01-05,0.0506,0.0512,0.0488,0.0492,2819072,USD
2019-01-06,0.0492,0.0517,0.0487,0.051,2743034,USD
2019-01-07,0.0509,0.0531,0.0503,0.0507,2875244,USD
2019-01-08,0.0507,0.0518,0.0492,0.0494,4072760,USD
2019-01-09,0.0496,0.0509,0.0493,0.05,1790775,USD
2019-01-10,0.0501,0.0509,0.0431,0.0435,8559767,USD
2019-01-11,0.0437,0.0458,0.0433,0.0452,4548572,USD
2019-01-12,0.0453,0.0463,0.0446,0.0457,4914946,USD
2019-01-13,0.0457,0.0472,0.0425,0.0433,3547416,USD
2019-01-14,0.0433,0.0458,0.0429,0.0453,2488745,USD
2019-01-15,0.0453,0.0478,0.0443,0.045,4262814,USD
2019-01-16,0.045,0.0469,0.0449,0.0466,2926252,USD
2019-01-17,0.0466,0.0479,0.0458,0.0467,3265284,USD
2019-01-18,0.0467,0.0469,0.0455,0.0462,1643737,USD
2019-01-19,0.0462,0.055,0.0461,0.0501,17800564,USD
2019-01-20,0.05,0.0501,0.0451,0.0464,8206786,USD
2019-01-21,0.0464,0.0472,0.0452,0.0471,3299097,USD
2019-01-22,0.047,0.0498,0.0448,0.0491,11224277,USD
2019-01-23,0.0491,0.0535,0.049,0.0516,18584904,USD
2019-01-24,0.0516,0.0525,0.0497,0.0511,7962307,USD
2019-01-25,0.0511,0.0564,0.0505,0.0553,18144664,USD
2019-01-26,0.0553,0.0645,0.0551,0.0615,27053404,USD
2019-01-27,0.0615,0.0678,0.0557,0.0567,28701576,USD
2019-01-28,0.0568,0.0586,0.0488,0.0516,15692125,USD
2019-01-29,0.0516,0.0545,0.0506,0.0524,8333445,USD
2019-01-30,0.0524,0.0546,0.0508,0.0537,4420508,USD
2019-01-31,0.0537,0.054,0.0504,0.0523,4634295,USD
2019-02-01,0.0522,0.0586,0.051,0.0576,5600522,USD
2019-02-02,0.0578,0.0603,0.0549,0.057,5256795,USD
2019-02-03,0.057,0.0574,0.0543,0.0558,2766359,USD
2019-02-04,0.0558,0.0628,0.0552,0.0608,5162311,USD
2019-02-05,0.0607,0.0699,0.0599,0.0693,12054154,USD
2019-02-06,0.0693,0.0745,0.0624,0.063,18428112,USD
2019-02-07,0.063,0.0709,0.063,0.069,9167379,USD
2019-02-08,0.069,0.073,0.0669,0.0716,7748410,USD
2019-02-09,0.0716,0.08,0.069,0.0787,8523467,USD
2019-02-10,0.0786,0.0974,0.0762,0.0862,28148864,USD
2019-02-11,0.0888,0.0947,0.083,0.0877,12145030,USD
2019-02-12,0.0878,0.0878,0.0812,0.0837,4646288,USD
2019-02-13,0.0839,0.0935,0.0826,0.0912,8341239,USD
2019-02-14,0.0917,0.0984,0.089,0.0927,13361150,USD
2019-02-15,0.0927,0.0945,0.0892,0.0926,5739450,USD
2019-02-16,0.0925,0.0927,0.0855,0.0872,4746030,USD
2019-02-17,0.0872,0.092,0.0864,0.0901,5386866,USD
2019-02-18,0.0902,0.0906,0.0874,0.0892,5501747,USD
2019-02-19,0.0889,0.0935,0.0874,0.0907,5213906,USD
2019-02-20,0.0905,0.1008,0.0905,0.0976,14106806,USD
2019-02-21,0.0975,0.0977,0.0904,0.0913,3317479,USD
2019-02-22,0.0913,0.0975,0.0912,0.0955,4772360,USD
2019-02-23,0.0955,0.0989,0.0934,0.0967,2485224,USD
2019-02-24,0.0967,0.0986,0.0847,0.0874,5250748,USD
2019-02-25,0.0874,0.115,0.0874,0.1113,26059374,USD
2019-02-26,0.1112,0.13,0.1033,0.1241,21091556,USD
2019-02-27,0.124,0.1466,0.1221,0.1436,31677290,USD
2019-02-28,0.1446,0.1496,0.1323,0.1446,15820323,USD
2019-03-01,0.1447,0.1522,0.138,0.1399,11235187,USD
2019-03-02,0.1399,0.1429,0.1352,0.1392,8105730,USD
2019-03-03,0.1392,0.1415,0.1295,0.13,5069961,USD
2019-03-04,0.13,0.1304,0.1149,0.123,17819400,USD
2019-03-05,0.1231,0.1295,0.1182,0.1267,9340067,USD
2019-03-06,0.127,0.1489,0.1229,0.1389,17094224,USD
2019-03-07,0.139,0.1415,0.1291,0.1318,12478017,USD
2019-03-08,0.1318,0.1335,0.1243,0.1253,7655699,USD
2019-03-09,0.1253,0.1377,0.1245,0.1377,7545083,USD
2019-03-10,0.138,0.1793,0.1342,0.1633,40174920,USD
2019-03-11,0.1636,0.1642,0.147,0.149,12496394,USD
2019-03-12,0.1491,0.1659,0.1201,0.1364,26143772,USD
2019-03-13,0.1364,0.1406,0.1296,0.1347,11582381,USD
2019-03-14,0.1347,0.1444,0.122,0.1306,16721380,USD
2019-03-15,0.1305,0.1383,0.1298,0.1324,7738052,USD
2019-03-16,0.1324,0.1357,0.13,0.1322,7389865,USD
2019-03-17,0.1322,0.1349,0.129,0.1347,4261689,USD
2019-03-18,0.1348,0.1353,0.1301,0.1315,5840811,USD
2019-03-19,0.1314,0.1338,0.1275,0.1291,5675242,USD
2019-03-20,0.1291,0.1308,0.1257,0.1294,7047947,USD
2019-03-21,0.1294,0.1296,0.1184,0.1221,6043381,USD
2019-03-22,0.122,0.1303,0.12,0.1232,6763374,USD
2019-03-23,0.1233,0.1248,0.1198,0.1203,4356803,USD
2019-03-24,0.12,0.1211,0.1153,0.1175,4400840,USD
2019-03-25,0.1175,0.1178,0.1053,0.1075,6844539,USD
2019-03-26,0.1074,0.1126,0.1011,0.1086,8130280,USD
2019-03-27,0.1085,0.1153,0.1069,0.1115,9055205,USD
2019-03-28,0.1115,0.1185,0.1115,0.1159,7715868,USD
2019-03-29,0.116,0.1167,0.1111,0.1117,6004841,USD
2019-03-30,0.1117,0.1126,0.1064,0.1083,5032267,USD
2019-03-31,0.1082,0.1127,0.1056,0.1113,7685580,USD
2019-04-01,0.1113,0.1125,0.107,0.1086,7211180,USD
2019-04-02,0.1085,0.1168,0.1038,0.1134,14969847,USD
2019-04-03,0.1132,0.1225,0.1068,0.1097,15875698,USD
2019-04-04,0.1098,0.1287,0.1086,0.1239,15973269,USD
2019-04-05,0.1241,0.1339,0.1228,0.1278,19458838,USD
2019-04-06,0.1278,0.1303,0.1193,0.1211,6831095,USD
2019-04-07,0.1211,0.13,0.119,0.128,8597465,USD
2019-04-08,0.1282,0.1299,0.1138,0.121,8142854,USD
2019-04-09,0.1211,0.1335,0.1143,0.1258,16375340,USD
2019-04-10,0.1257,0.134,0.1256,0.1321,8100526,USD
2019-04-11,0.1321,0.1327,0.1079,0.1126,11292776,USD
2019-04-12,0.1126,0.118,0.104,0.1149,6652378,USD
2019-04-13,0.1149,0.1185,0.1114,0.1169,4714716,USD
2019-04-14,0.1167,0.1238,0.1157,0.1208,10185950,USD
2019-04-15,0.1208,0.1227,0.1149,0.1182,5774633,USD
2019-04-16,0.1179,0.133,0.1176,0.1306,9898151,USD
2019-04-17,0.1305,0.1324,0.124,0.1264,5036780,USD
2019-04-18,0.1264,0.1277,0.124,0.1247,4381180,USD
2019-04-19,0.1246,0.1251,0.1187,0.12,3431506,USD
2019-04-20,0.1201,0.1225,0.1182,0.1219,1667886,USD
2019-04-21,0.1219,0.1222,0.11,0.1134,3528995,USD
2019-04-22,0.1135,0.1157,0.1108,0.1111,2060053,USD
2019-04-23,0.1112,0.113,0.1093,0.1095,3675215,USD
2019-04-24,0.1096,0.1108,0.0948,0.0998,7135038,USD
2019-04-25,0.0997,0.1022,0.0902,0.0953,3519802,USD
2019-04-26,0.0954,0.1074,0.0934,0.1041,5350206,USD
2019-04-27,0.1039,0.1054,0.1,0.1026,2504160,USD
2019-04-28,0.1026,0.1027,0.0986,0.099,2216056,USD
2019-04-29,0.0998,0.1003,0.0881,0.0902,2529243,USD
2019-04-30,0.0903,0.0947,0.0891,0.094,2760906,USD
2019-05-01,0.0939,0.0989,0.0932,0.0966,2524152,USD
2019-05-02,0.0966,0.0992,0.0947,0.095,1746815,USD
2019-05-03,0.0951,0.0972,0.0934,0.0964,2630231,USD
2019-05-04,0.0964,0.0964,0.087,0.0901,4010348,USD
2019-05-05,0.09,0.0903,0.0866,0.0874,2035737,USD
2019-05-06,0.0875,0.0939,0.0865,0.0911,3896515,USD
2019-05-07,0.0911,0.0928,0.085,0.0851,3685518,USD
2019-05-08,0.0852,0.0877,0.0825,0.087,3390091,USD
2019-05-09,0.0867,0.0869,0.078,0.0791,3861691,USD
2019-05-10,0.0793,0.0875,0.0776,0.0864,4858149,USD
2019-05-11,0.0864,0.0931,0.0847,0.0896,6703379,USD
2019-05-12,0.0895,0.0918,0.085,0.086,5642551,USD
2019-05-13,0.086,0.0972,0.0846,0.0899,12651116,USD
2019-05-14,0.0899,0.1101,0.0898,0.102,14282513,USD
2019-05-15,0.1021,0.12,0.1019,0.1183,20460264,USD
2019-05-16,0.1182,0.1253,0.1063,0.1131,20498746,USD
2019-05-17,0.1131,0.1141,0.0962,0.114,12479769,USD
2019-05-18,0.1141,0.1229,0.1103,0.1194,10363039,USD
2019-05-19,0.1194,0.1239,0.1155,0.1169,10148471,USD
2019-05-20,0.1168,0.1168,0.1088,0.1125,4369497,USD
2019-05-21,0.1127,0.1197,0.1104,0.114,5621350,USD
2019-05-22,0.114,0.1178,0.105,0.1054,4929839,USD
2019-05-23,0.1054,0.1094,0.1008,0.1088,4127717,USD
2019-05-24,0.1088,0.1427,0.1088,0.1187,27173026,USD
2019-05-25,0.1183,0.1381,0.1182,0.1372,12268686,USD
2019-05-26,0.1371,0.1383,0.1191,0.1241,8223298,USD
2019-05-27,0.1241,0.1304,0.1221,0.126,9459942,USD
2019-05-28,0.1259,0.1363,0.1237,0.1327,7538139,USD
2019-05-29,0.1326,0.1647,0.1238,0.1504,23510458,USD
2019-05-30,0.1507,0.1649,0.1243,0.1311,13143786,USD
2019-05-31,0.1311,0.1383,0.1241,0.1368,7285424,USD
2019-06-01,0.137,0.1375,0.1278,0.1314,6864304,USD
2019-06-02,0.1314,0.1474,0.1309,0.1413,8733250,USD
2019-06-03,0.1414,0.1426,0.1292,0.1307,8073654,USD
2019-06-04,0.1304,0.1315,0.1198,0.1228,4104894,USD
2019-06-05,0.1228,0.1333,0.1222,0.1293,4319068,USD
2019-06-06,0.1292,0.1387,0.1237,0.1305,3886862,USD
2019-06-07,0.1307,0.1352,0.1304,0.1339,2431408,USD
2019-06-08,0.1339,0.145,0.1302,0.1409,3985747,USD
2019-06-09,0.1407,0.1449,0.1271,0.1291,5420057,USD
2019-06-10,0.1291,0.1466,0.127,0.1448,9340197,USD
2019-06-11,0.1448,0.1466,0.1375,0.1416,6758307,USD
2019-06-12,0.1414,0.1432,0.1362,0.1369,5701293,USD
2019-06-13,0.1369,0.1381,0.1307,0.1326,5609935,USD
2019-06-14,0.1327,0.1355,0.1215,0.1283,7667346,USD
2019-06-15,0.1283,0.131,0.1244,0.1308,5904680,USD
2019-06-16,0.1307,0.1308,0.1254,0.1273,3024386,USD
2019-06-17,0.1274,0.1308,0.1267,0.1288,2695203,USD
2019-06-18,0.1288,0.1292,0.123,0.1271,2676892,USD
2019-06-19,0.1278,0.1289,0.1254,0.1278,1590144,USD
2019-06-20,0.1278,0.1331,0.1252,0.128,3832520,USD
2019-06-21,0.1279,0.129,0.1232,0.1248,3878359,USD
2019-06-22,0.1248,0.134,0.123,0.1324,8381280,USD
2019-06-23,0.1325,0.1338,0.128,0.1298,4256315,USD
2019-06-24,0.1298,0.1347,0.1269,0.1328,5195198,USD
2019-06-25,0.133,0.143,0.1308,0.1372,13639862,USD
2019-06-26,0.1372,0.1376,0.1215,0.1259,16754561,USD
2019-06-27,0.1254,0.1263,0.1092,0.1178,10987572,USD
2019-06-28,0.1178,0.1216,0.1137,0.1171,5990588,USD
2019-06-29,0.1172,0.121,0.1134,0.1201,5018873,USD
2019-06-30,0.1203,0.1229,0.1129,0.1147,5245029,USD
2019-07-01,0.1153,0.1233,0.1122,0.1207,6040352,USD
2019-07-02,0.1207,0.1222,0.1114,0.1141,4418830,USD
2019-07-03,0.1141,0.1217,0.1121,0.1201,3926706,USD
2019-07-04,0.1202,0.1251,0.1156,0.1162,7177275,USD
2019-07-05,0.1162,0.1175,0.113,0.1134,2624749,USD
2019-07-06,0.1137,0.1221,0.1137,0.1188,4171943,USD
2019-07-07,0.1188,0.1245,0.1183,0.1192,3935589,USD
2019-07-08,0.1192,0.1196,0.1153,0.1162,2671573,USD
2019-07-09,0.1162,0.1213,0.1153,0.1208,3224070,USD
2019-07-10,0.1216,0.1259,0.1138,0.1209,8643439,USD
2019-07-11,0.1209,0.1226,0.1084,0.1102,8071231,USD
2019-07-12,0.1102,0.1145,0.1049,0.113,2741163,USD
2019-07-13,0.113,0.12,0.1116,0.1154,4205082,USD
2019-07-14,0.1151,0.1153,0.1022,0.1024,3811164,USD
2019-07-15,0.1024,0.1046,0.0968,0.1026,3016009,USD
2019-07-16,0.1025,0.105,0.0909,0.0917,5132259,USD
2019-07-17,0.0917,0.1194,0.0907,0.1117,13457221,USD
2019-07-18,0.1117,0.1227,0.1054,0.1193,6775617,USD
2019-07-19,0.1193,0.1237,0.1162,0.1223,2779491,USD
2019-07-20,0.1223,0.1234,0.1185,0.1204,1946548,USD
2019-07-21,0.1204,0.1243,0.1171,0.1212,2778179,USD
2019-07-22,0.1212,0.129,0.1211,0.1276,3340859,USD
2019-07-23,0.1275,0.1314,0.1176,0.1189,4150649,USD
2019-07-24,0.1194,0.1203,0.1135,0.1182,2334711,USD
2019-07-25,0.1182,0.1288,0.118,0.1278,2427765,USD
2019-07-26,0.1281,0.1281,0.122,0.1248,1100882,USD
2019-07-27,0.1255,0.1303,0.1203,0.1255,2106307,USD
2019-07-28,0.1255,0.1266,0.1189,0.1236,1075983,USD
2019-07-29,0.124,0.1273,0.1223,0.1249,1735097,USD
2019-07-30,0.1248,0.1263,0.1213,0.1225,2021349,USD
2019-07-31,0.1224,0.1403,0.1221,0.1403,3209894,USD
2019-08-01,0.1401,0.1411,0.1295,0.1297,5269196,USD
2019-08-02,0.1297,0.1343,0.1278,0.1319,2620693,USD
2019-08-03,0.1318,0.1342,0.1258,0.1276,1466998,USD
2019-08-04,0.1276,0.1286,0.1239,0.1248,632524,USD
2019-08-05,0.1248,0.1325,0.1248,0.13,1670981,USD
2019-08-06,0.13,0.1302,0.1214,0.1233,1115843,USD
2019-08-07,0.1233,0.1237,0.1174,0.1189,1254241,USD
2019-08-08,0.1189,0.1217,0.1162,0.1207,630768,USD
2019-08-09,0.1206,0.122,0.1141,0.115,841628,USD
2019-08-10,0.115,0.1178,0.1117,0.1154,695949,USD
2019-08-11,0.1152,0.1211,0.1152,0.1179,634367,USD
2019-08-12,0.1179,0.128,0.1169,0.1276,2661109,USD
2019-08-13,0.1276,0.1282,0.1191,0.1197,987656,USD
2019-08-14,0.1201,0.1216,0.1068,0.1076,1367283,USD
2019-08-15,0.1076,0.1125,0.1038,0.1119,1344763,USD
2019-08-16,0.1119,0.1133,0.1056,0.1133,1700093,USD
2019-08-17,0.1132,0.1158,0.11,0.1154,1074742,USD
2019-08-18,0.1154,0.12,0.1129,0.1172,1148559,USD
2019-08-19,0.1172,0.1246,0.1165,0.1242,1907494,USD
2019-08-20,0.1243,0.1267,0.1182,0.1208,1697356,USD
2019-08-21,0.1208,0.1264,0.1169,0.1245,1794792,USD
2019-08-22,0.1244,0.128,0.1214,0.1278,1068386,USD
2019-08-23,0.128,0.1301,0.1252,0.1285,2224230,USD
2019-08-24,0.1285,0.1327,0.1269,0.1298,1715402,USD
2019-08-25,0.1298,0.135,0.1209,0.1233,1869285,USD
2019-08-26,0.1233,0.1255,0.12,0.1206,1030267,USD
2019-08-27,0.1205,0.1328,0.1188,0.1321,1838750,USD
2019-08-28,0.1344,0.1344,0.1159,0.1171,2123664,USD
2019-08-29,0.1172,0.1172,0.1067,0.1136,1963325,USD
2019-08-30,0.1137,0.1155,0.109,0.112,1684188,USD
2019-08-31,0.1119,0.1155,0.1102,0.1125,665761,USD
2019-09-01,0.1126,0.1138,0.1101,0.113,1099257,USD
2019-09-02,0.113,0.113,0.107,0.1115,1328696,USD
2019-09-03,0.1114,0.1132,0.1075,0.1115,1327225,USD
2019-09-04,0.1116,0.1152,0.1091,0.1135,1513141,USD
2019-09-05,0.1135,0.116,0.1105,0.115,1821509,USD
2019-09-06,0.1151,0.116,0.1077,0.1094,1484179,USD
2019-09-07,0.1093,0.1112,0.1078,0.1108,540402,USD
2019-09-08,0.1109,0.1125,0.1096,0.1107,684817,USD
2019-09-09,0.1108,0.1117,0.1069,0.1098,669403,USD
2019-09-10,0.1098,0.1114,0.1082,0.1094,580055,USD
2019-09-11,0.1092,0.1107,0.1049,0.1067,668925,USD
2019-09-12,0.1069,0.1082,0.1041,0.1051,595725,USD
2019-09-13,0.1052,0.1065,0.1015,0.1053,447962,USD
2019-09-14,0.1053,0.1064,0.1025,0.1052,420294,USD
2019-09-15,0.1052,0.1066,0.1046,0.1053,317942,USD
2019-09-16,0.1054,0.1092,0.103,0.1053,806281,USD
2019-09-17,0.1052,0.1083,0.1018,0.1059,1213921,USD
2019-09-18,0.1054,0.1131,0.1045,0.1105,1840508,USD
2019-09-19,0.1106,0.1108,0.104,0.1084,1215583,USD
2019-09-20,0.1083,0.1099,0.1078,0.1091,243212,USD
2019-09-21,0.1089,0.1092,0.1059,0.1067,264803,USD
2019-09-22,0.1066,0.1069,0.1027,0.1029,554652,USD
2019-09-23,0.1029,0.1042,0.1012,0.1021,834463,USD
2019-09-24,0.1021,0.1022,0.0751,0.0826,2075977,USD
2019-09-25,0.0826,0.0891,0.0785,0.0833,1085816,USD
2019-09-26,0.0842,0.0908,0.0764,0.085,1978353,USD
2019-09-27,0.0852,0.088,0.0809,0.0848,1014412,USD
2019-09-28,0.0848,0.0871,0.0817,0.0847,1063538,USD
2019-09-29,0.0847,0.0847,0.0788,0.0807,911790,USD
2019-09-30,0.0807,0.0833,0.0777,0.0825,1156875,USD
2019-10-01,0.0825,0.0854,0.0795,0.0805,1169761,USD
2019-10-02,0.0801,0.0834,0.0783,0.0824,539595,USD
2019-10-03,0.0824,0.0847,0.0798,0.0843,1083557,USD
2019-10-04,0.0843,0.0845,0.0814,0.083,548692,USD
2019-10-05,0.0829,0.0858,0.0824,0.0858,711354,USD
2019-10-06,0.0858,0.0885,0.082,0.0843,1423387,USD
2019-10-07,0.0842,0.0873,0.0792,0.0867,1483268,USD
2019-10-08,0.0867,0.0914,0.0849,0.0903,1299474,USD
2019-10-09,0.0901,0.0923,0.0865,0.0885,1088576,USD
2019-10-10,0.0885,0.0902,0.0849,0.0884,1979780,USD
2019-10-11,0.0884,0.0885,0.0831,0.0839,892575,USD
2019-10-12,0.0839,0.09,0.0838,0.0867,695444,USD
2019-10-13,0.0867,0.0884,0.084,0.086,841069,USD
2019-10-14,0.086,0.0869,0.0843,0.0865,571562,USD
2019-10-15,0.0865,0.0927,0.0865,0.0878,2831416,USD
2019-10-16,0.0878,0.0882,0.0806,0.0841,1107079,USD
2019-10-17,0.0841,0.0872,0.0827,0.0862,818397,USD
2019-10-18,0.0862,0.0862,0.0807,0.0813,961020,USD
2019-10-19,0.0812,0.084,0.0808,0.0821,538314,USD
2019-10-20,0.0821,0.0857,0.0813,0.0854,440264,USD
2019-10-21,0.0854,0.0867,0.0842,0.0864,544613,USD
2019-10-22,0.0864,0.0929,0.0854,0.0894,1363592,USD
2019-10-23,0.0898,0.0985,0.0852,0.0954,7417341,USD
2019-10-24,0.0954,0.0975,0.0897,0.0931,2761007,USD
2019-10-25,0.0929,0.1008,0.0908,0.0973,3247388,USD
2019-10-26,0.0974,0.1004,0.0901,0.0932,3450337,USD
2019-10-27,0.0932,0.0987,0.0917,0.0966,1625073,USD
2019-10-28,0.0966,0.1003,0.0954,0.0978,1514232,USD
2019-10-29,0.0977,0.1061,0.0971,0.1011,4625043,USD
2019-10-30,0.1011,0.1015,0.0917,0.0945,2006292,USD
2019-10-31,0.0946,0.0954,0.0903,0.0931,1372254,USD
2019-11-01,0.0931,0.0953,0.0919,0.0937,1654081,USD
2019-11-02,0.0937,0.0959,0.0929,0.0933,1265969,USD
2019-11-03,0.0933,0.095,0.0918,0.093,533400,USD
2019-11-04,0.093,0.0952,0.0917,0.0936,945719,USD
2019-11-05,0.0937,0.0942,0.0921,0.0936,370092,USD
2019-11-06,0.0936,0.0947,0.0927,0.094,545026,USD
2019-11-07,0.0939,0.0941,0.0901,0.0912,712299,USD
2019-11-08,0.0911,0.0922,0.0851,0.0877,781803,USD
2019-11-09,0.0878,0.0914,0.0875,0.09,818926,USD
2019-11-10,0.09,0.0916,0.0892,0.0903,276249,USD
2019-11-11,0.0898,0.0908,0.0863,0.0885,631274,USD
2019-11-12,0.0885,0.09,0.0873,0.0898,474904,USD
2019-11-13,0.09,0.0904,0.0885,0.0902,227791,USD
2019-11-14,0.0901,0.0905,0.0864,0.0875,415819,USD
2019-11-15,0.0875,0.0933,0.0858,0.0922,2436438,USD
2019-11-16,0.0927,0.0927,0.0884,0.0897,723033,USD
2019-11-17,0.0896,0.0904,0.0872,0.0885,543507,USD
2019-11-18,0.0884,0.0951,0.0871,0.0923,2651161,USD
2019-11-19,0.0921,0.096,0.0895,0.0935,4902358,USD
2019-11-20,0.0934,0.0968,0.0873,0.0884,2755474,USD
2019-11-21,0.0884,0.0888,0.08,0.0826,2728792,USD
2019-11-22,0.0825,0.0834,0.0706,0.0759,2328372,USD
2019-11-23,0.0759,0.0759,0.071,0.0747,1232599,USD
2019-11-24,0.0747,0.0748,0.0682,0.0684,758931,USD
2019-11-25,0.069,0.0742,0.065,0.0716,1937826,USD
2019-11-26,0.0716,0.074,0.071,0.0733,473290,USD
2019-11-27,0.0733,0.0779,0.0693,0.0757,1335794,USD
2019-11-28,0.0757,0.0776,0.0747,0.0759,678309,USD
2019-11-29,0.076,0.0784,0.0755,0.077,496019,USD
2019-11-30,0.077,0.0778,0.0705,0.0705,820785,USD
2019-12-01,0.0703,0.0752,0.0688,0.0745,952506,USD
2019-12-02,0.0745,0.0754,0.0702,0.0713,621568,USD
2019-12-03,0.0713,0.0736,0.0709,0.0736,338632,USD
2019-12-04,0.0733,0.0758,0.0701,0.0716,718334,USD
2019-12-05,0.0716,0.0797,0.0713,0.0775,1350675,USD
2019-12-06,0.0774,0.0806,0.0764,0.079,1185660,USD
2019-12-07,0.079,0.0801,0.0767,0.0784,247420,USD
2019-12-08,0.0784,0.0868,0.0757,0.083,1448734,USD
2019-12-09,0.083,0.0888,0.0808,0.0852,1754237,USD
2019-12-10,0.0853,0.0855,0.0733,0.076,1893289,USD
2019-12-11,0.0758,0.086,0.0758,0.0832,1410098,USD
2019-12-12,0.0832,0.0891,0.0779,0.0851,2468984,USD
2019-12-13,0.0851,0.0918,0.0844,0.0903,2510510,USD
2019-12-14,0.0902,0.091,0.0823,0.0881,1027091,USD
2019-12-15,0.0881,0.0987,0.084,0.0954,3312818,USD
2019-12-16,0.0954,0.1012,0.088,0.0913,3169175,USD
2019-12-17,0.0913,0.0998,0.0886,0.0942,3874036,USD
2019-12-18,0.0942,0.1045,0.0903,0.1009,4528088,USD
2019-12-19,0.1009,0.1123,0.0994,0.107,4578029,USD
2019-12-20,0.107,0.1092,0.1025,0.1053,2135296,USD
2019-12-21,0.1054,0.1057,0.0975,0.099,982346,USD
2019-12-22,0.099,0.1056,0.0945,0.0969,1897656,USD
2019-12-23,0.097,0.1009,0.09,0.09,2319355,USD
2019-12-24,0.09,0.096,0.0891,0.092,1334162,USD
2019-12-25,0.092,0.0963,0.0894,0.0905,1274331,USD
2019-12-26,0.0906,0.0907,0.0859,0.0868,1832522,USD
2019-12-27,0.0868,0.0882,0.0844,0.0852,1107250,USD
2019-12-28,0.0852,0.0916,0.0848,0.0892,823398,USD
2019-12-29,0.0892,0.0892,0.0851,0.0869,848672,USD
2019-12-30,0.0868,0.093,0.0852,0.0903,1111729,USD
2019-12-31,0.09,0.0945,0.0863,0.0872,1369471,USD
2020-01-01,0.0872,0.0894,0.0863,0.0864,673152,USD
2020-01-02,0.0864,0.0907,0.0831,0.0848,1523881,USD
2020-01-03,0.0848,0.0886,0.0823,0.0874,1033950,USD
2020-01-04,0.0875,0.0948,0.0865,0.0934,1262327,USD
2020-01-05,0.0934,0.0966,0.0925,0.0939,875637,USD
2020-01-06,0.0939,0.1036,0.0929,0.0995,2096304,USD
2020-01-07,0.0995,0.1002,0.093,0.0957,2147090,USD
2020-01-08,0.0956,0.0997,0.0937,0.0986,1520099,USD
2020-01-09,0.0985,0.1015,0.0916,0.0928,1173959,USD
2020-01-10,0.0928,0.0975,0.0913,0.0953,594954,USD
2020-01-11,0.0952,0.0984,0.0941,0.0942,649643,USD
2020-01-12,0.0942,0.0968,0.0936,0.0954,567380,USD
2020-01-13,0.0953,0.0988,0.0926,0.0975,1064098,USD
2020-01-14,0.0974,0.1061,0.096,0.1055,1853808,USD
2020-01-15,0.1055,0.109,0.1011,0.1045,1591165,USD
2020-01-16,0.1045,0.1068,0.1,0.1034,831674,USD
2020-01-17,0.1034,0.1119,0.1011,0.111,1033967,USD
2020-01-18,0.111,0.1122,0.1049,0.1089,1613007,USD
2020-01-19,0.1089,0.1155,0.1023,0.1128,2618230,USD
2020-01-20,0.1126,0.117,0.1076,0.1095,2274249,USD
2020-01-21,0.1095,0.1147,0.1058,0.1118,941344,USD
2020-01-22,0.1117,0.119,0.1112,0.1186,1915522,USD
2020-01-23,0.1184,0.1188,0.106,0.1081,1181204,USD
2020-01-24,0.108,0.1084,0.0996,0.1045,838503,USD
2020-01-25,0.1045,0.1045,0.0997,0.1013,349244,USD
2020-01-26,0.1013,0.1043,0.1001,0.1024,540567,USD
2020-01-27,0.1025,0.1053,0.1022,0.1042,536128,USD
2020-01-28,0.1042,0.1112,0.103,0.1086,874812,USD
2020-01-29,0.1086,0.1105,0.1036,0.1042,1034235,USD
2020-01-30,0.1042,0.1073,0.1015,0.104,741250,USD
2020-01-31,0.104,0.1077,0.1039,0.1059,1871965,USD
2020-02-01,0.106,0.1082,0.1047,0.1054,676573,USD
2020-02-02,0.1055,0.1088,0.1035,0.1056,2305446,USD
2020-02-03,0.1056,0.1112,0.1047,0.1085,1470357,USD
2020-02-04,0.1085,0.1221,0.1076,0.1221,6511007,USD
2020-02-05,0.1221,0.1239,0.1152,0.1213,5875803,USD
2020-02-06,0.1216,0.1248,0.1177,0.1246,3219763,USD
2020-02-07,0.1247,0.125,0.1187,0.1247,2900723,USD
2020-02-08,0.1247,0.1254,0.1141,0.1168,2937517,USD
2020-02-09,0.1168,0.1239,0.1154,0.1233,1937992,USD
2020-02-10,0.1233,0.1318,0.1183,0.1303,3245597,USD
2020-02-11,0.1302,0.1302,0.122,0.1285,3270973,USD
2020-02-12,0.1285,0.1385,0.1284,0.1375,2740206,USD
2020-02-13,0.1377,0.1825,0.1326,0.1713,30971078,USD
2020-02-14,0.172,0.1783,0.15,0.1584,10461339,USD
2020-02-15,0.1584,0.1626,0.1358,0.1464,4012177,USD
2020-02-16,0.1468,0.1468,0.1229,0.135,4499700,USD
2020-02-17,0.1344,0.1402,0.1179,0.1369,4015881,USD
2020-02-18,0.1369,0.1435,0.125,0.1412,4618520,USD
2020-02-19,0.1412,0.1484,0.1209,0.1264,4006128,USD
2020-02-20,0.1264,0.134,0.1215,0.1322,3230045,USD
2020-02-21,0.1321,0.1395,0.1271,0.1277,3162178,USD
2020-02-22,0.1282,0.1312,0.1244,0.1282,1432284,USD
2020-02-23,0.1284,0.1447,0.1282,0.1411,2926871,USD
2020-02-24,0.1409,0.1499,0.1331,0.1483,5924335,USD
2020-02-25,0.1486,0.1491,0.1326,0.1346,6361427,USD
2020-02-26,0.1347,0.1367,0.1087,0.1176,6084161,USD
2020-02-27,0.1176,0.1265,0.109,0.1214,2468206,USD
2020-02-28,0.1214,0.1252,0.11,0.1211,3240138,USD
2020-02-29,0.1211,0.1231,0.1155,0.1165,1383247,USD
2020-03-01,0.1165,0.1197,0.112,0.1166,1314806,USD
2020-03-02,0.1162,0.1319,0.1147,0.1277,2464700,USD
2020-03-03,0.1278,0.135,0.1237,0.1313,2362390,USD
2020-03-04,0.1312,0.1378,0.1256,0.1318,3201185,USD
2020-03-05,0.1318,0.142,0.1291,0.1414,3244669,USD
2020-03-06,0.1414,0.1433,0.1328,0.1343,3236391,USD
2020-03-07,0.1347,0.1466,0.1333,0.1355,3454345,USD
2020-03-08,0.1355,0.1373,0.11,0.1102,3775793,USD
2020-03-09,0.1102,0.1156,0.0999,0.1095,3595910,USD
2020-03-10,0.1094,0.1132,0.1045,0.1102,2189073,USD
2020-03-11,0.1103,0.1103,0.0918,0.0991,6175869,USD
2020-03-12,0.0991,0.0997,0.0501,0.0518,8358349,USD
2020-03-13,0.0522,0.0669,0.0376,0.0613,6026502,USD
2020-03-14,0.0608,0.0645,0.0556,0.0612,2715595,USD
2020-03-15,0.0615,0.0675,0.0598,0.0617,2616034,USD
2020-03-16,0.0617,0.0617,0.0477,0.0529,4036867,USD
2020-03-17,0.0529,0.0589,0.0523,0.057,1911158,USD
2020-03-18,0.057,0.0575,0.0526,0.0566,2453012,USD
2020-03-19,0.0568,0.0689,0.0564,0.0655,7511148,USD
2020-03-20,0.0655,0.0839,0.0645,0.0718,10116770,USD
2020-03-21,0.0717,0.0823,0.07,0.0725,4985298,USD
2020-03-22,0.0727,0.0742,0.0626,0.0632,3171089,USD
2020-03-23,0.0632,0.0711,0.0617,0.0698,3339770,USD
2020-03-24,0.0695,0.0716,0.0668,0.0708,3675922,USD
2020-03-25,0.071,0.073,0.0671,0.0695,3447959,USD
2020-03-26,0.0695,0.0732,0.069,0.0725,3470003,USD
2020-03-27,0.0724,0.0788,0.0711,0.0716,5957909,USD
2020-03-28,0.0713,0.0715,0.0668,0.0701,2243579,USD
2020-03-29,0.0701,0.0706,0.0653,0.0653,1051717,USD
2020-03-30,0.0653,0.0738,0.065,0.0723,1354036,USD
2020-03-31,0.0724,0.0757,0.0718,0.0738,1614497,USD
2020-04-01,0.0738,0.0746,0.0692,0.074,1267049,USD
2020-04-02,0.074,0.0787,0.0721,0.078,1452182,USD
2020-04-03,0.0779,0.0791,0.0737,0.0761,1629892,USD
2020-04-04,0.0762,0.0795,0.075,0.0788,2066663,USD
2020-04-05,0.0787,0.0827,0.0787,0.0801,4542169,USD
2020-04-06,0.0801,0.0877,0.0795,0.0875,3540456,USD
2020-04-07,0.0879,0.0907,0.0834,0.0847,3424581,USD
2020-04-08,0.0847,0.0886,0.0837,0.0881,1843692,USD
2020-04-09,0.0876,0.0882,0.084,0.0867,1824107,USD
2020-04-10,0.0867,0.0873,0.0772,0.0792,1933034,USD
2020-04-11,0.0793,0.0817,0.0771,0.0786,619362,USD
2020-04-12,0.0786,0.0819,0.0777,0.079,449990,USD
2020-04-13,0.0789,0.0789,0.0749,0.0768,660275,USD
2020-04-14,0.0768,0.0799,0.0766,0.0778,703523,USD
2020-04-15,0.0778,0.0782,0.0743,0.0744,551191,USD
2020-04-16,0.0743,0.0798,0.0717,0.0786,1003274,USD
2020-04-17,0.0785,0.079,0.0773,0.0779,521198,USD
2020-04-18,0.0779,0.0814,0.0773,0.0809,1386167,USD
2020-04-19,0.081,0.0839,0.0784,0.0818,1266686,USD
2020-04-20,0.0819,0.0876,0.0811,0.083,4962349,USD
2020-04-21,0.0828,0.0868,0.0827,0.0853,2359695,USD
2020-04-22,0.0853,0.0935,0.0847,0.0912,3761441,USD
2020-04-23,0.0912,0.1047,0.0901,0.1006,4865232,USD
2020-04-24,0.1007,0.1031,0.0972,0.1013,2273026,USD
2020-04-25,0.1013,0.1084,0.0994,0.1067,2533050,USD
2020-04-26,0.1067,0.1171,0.1067,0.1121,4972481,USD
2020-04-27,0.1121,0.1157,0.1017,0.1072,3745631,USD
2020-04-28,0.1072,0.1098,0.1043,0.1085,1399437,USD
2020-04-29,0.1085,0.1184,0.1085,0.1161,2026113,USD
2020-04-30,0.1161,0.1263,0.1088,0.1202,3313109,USD
2020-05-01,0.1202,0.1291,0.1202,0.1274,2094185,USD
2020-05-02,0.1274,0.1414,0.126,0.1394,5461155,USD
2020-05-03,0.1394,0.1483,0.1337,0.1439,3820472,USD
2020-05-04,0.1439,0.1467,0.131,0.1464,3950534,USD
2020-05-05,0.1459,0.1614,0.1445,0.1555,11107490,USD
2020-05-06,0.1556,0.1572,0.1461,0.1535,4411251,USD
2020-05-07,0.1541,0.17,0.1485,0.1645,6160683,USD
2020-05-08,0.1638,0.1683,0.1573,0.1633,3917613,USD
2020-05-09,0.1632,0.1692,0.156,0.1577,3205571,USD
2020-05-10,0.1576,0.1576,0.132,0.1413,4403758,USD
2020-05-11,0.1411,0.1491,0.1332,0.1479,3138316,USD
2020-05-12,0.1474,0.1858,0.1469,0.1786,13904259,USD
2020-05-13,0.1786,0.1828,0.165,0.1722,7510603,USD
2020-05-14,0.1722,0.1728,0.162,0.1682,3761313,USD
2020-05-15,0.1682,0.1968,0.1682,0.192,8115082,USD
2020-05-16,0.192,0.1968,0.1805,0.1834,5019624,USD
2020-05-17,0.1833,0.1957,0.1822,0.1913,3674991,USD
2020-05-18,0.1914,0.1938,0.1833,0.1935,2862151,USD
2020-05-19,0.1935,0.2326,0.1883,0.2182,5375576,USD
2020-05-20,0.2182,0.2868,0.2158,0.2789,20208322,USD
2020-05-21,0.2783,0.33,0.238,0.2649,48698120,USD
2020-05-22,0.2649,0.2803,0.2454,0.2676,13047157,USD
2020-05-23,0.2677,0.3097,0.2608,0.3022,10846834,USD
2020-05-24,0.302,0.3836,0.3014,0.342,29578692,USD
2020-05-25,0.335,0.3753,0.33,0.3528,19907644,USD
2020-05-26,0.3528,0.4701,0.3452,0.416,33576508,USD
2020-05-27,0.4116,0.5294,0.377,0.4528,35979772,USD
2020-05-28,0.4514,0.4679,0.3557,0.3654,15053497,USD
2020-05-29,0.3655,0.3695,0.3012,0.3092,27180254,USD
2020-05-30,0.3092,0.3104,0.2832,0.287,12143275,USD
2020-05-31,0.2871,0.29,0.2422,0.2481,15842786,USD
2020-06-01,0.2469,0.2906,0.244,0.2702,22000896,USD
2020-06-02,0.2703,0.2822,0.2367,0.2552,13683121,USD
2020-06-03,0.2547,0.28,0.2492,0.276,9479811,USD
2020-06-04,0.276,0.2939,0.27,0.2852,16478827,USD
2020-06-05,0.2848,0.3033,0.2746,0.2798,11746029,USD
2020-06-06,0.2782,0.2804,0.2696,0.2701,6208092,USD
2020-06-07,0.2701,0.2701,0.2509,0.2654,8154910,USD
2020-06-08,0.2657,0.2657,0.2528,0.2544,3695307,USD
2020-06-09,0.2547,0.2576,0.248,0.252,4427296,USD
2020-06-10,0.252,0.2528,0.2363,0.2389,4699574,USD
2020-06-11,0.2391,0.2498,0.2018,0.2044,9717679,USD
2020-06-12,0.2039,0.2605,0.2,0.2523,19091324,USD
2020-06-13,0.2525,0.2706,0.2468,0.2516,17543424,USD
2020-06-14,0.2516,0.2519,0.2265,0.231,10963985,USD
2020-06-15,0.2311,0.2388,0.211,0.2346,11887527,USD
2020-06-16,0.2343,0.2388,0.2254,0.2337,6235766,USD
2020-06-17,0.2339,0.2394,0.2245,0.2343,7384638,USD
2020-06-18,0.2344,0.2345,0.2176,0.223,8691981,USD
2020-06-19,0.223,0.2349,0.2203,0.2239,9318992,USD
2020-06-20,0.2238,0.2261,0.2179,0.2209,4352839,USD
2020-06-21,0.2209,0.2257,0.2195,0.221,3430804,USD
2020-06-22,0.221,0.2428,0.2195,0.2422,9174718,USD
2020-06-23,0.2422,0.2581,0.2403,0.2569,12657780,USD
2020-06-24,0.2573,0.2618,0.2358,0.245,11839966,USD
2020-06-25,0.2455,0.2459,0.2279,0.2366,5971313,USD
2020-06-26,0.2363,0.2363,0.2256,0.2312,4405314,USD
2020-06-27,0.2312,0.2335,0.1985,0.2104,5415038,USD
2020-06-28,0.21,0.2244,0.2091,0.224,5081457,USD
2020-06-29,0.2235,0.2273,0.218,0.2254,4042524,USD
2020-06-30,0.2256,0.2275,0.219,0.221,2313196,USD
2020-07-01,0.2214,0.2252,0.2172,0.2212,2059437,USD
2020-07-02,0.2218,0.2245,0.2142,0.219,4293065,USD
2020-07-03,0.219,0.2193,0.2154,0.2162,2286665,USD
2020-07-04,0.2162,0.2232,0.2139,0.223,2748406,USD
2020-07-05,0.2227,0.223,0.2149,0.2167,2271960,USD
2020-07-06,0.2161,0.2303,0.2161,0.2303,4314848,USD
2020-07-07,0.2304,0.2579,0.2295,0.2579,12025536,USD
2020-07-08,0.2575,0.2589,0.2475,0.251,12355628,USD
2020-07-09,0.251,0.251,0.2385,0.241,5906908,USD
2020-07-10,0.2409,0.2433,0.2334,0.2433,3496050,USD
2020-07-11,0.2433,0.2546,0.2433,0.2537,6962041,USD
2020-07-12,0.2537,0.2802,0.2537,0.2802,14284982,USD
2020-07-13,0.2806,0.2806,0.2309,0.2452,10728483,USD
2020-07-14,0.2451,0.2486,0.2391,0.2413,7701703,USD
2020-07-15,0.2415,0.2415,0.2356,0.2371,4731301,USD
2020-07-16,0.2371,0.2436,0.2239,0.2345,7338546,USD
2020-07-17,0.2345,0.2425,0.2317,0.2414,3748980,USD
2020-07-18,0.2411,0.2511,0.2387,0.249,4569161,USD
2020-07-19,0.249,0.2498,0.2393,0.2407,2715570,USD
2020-07-20,0.2407,0.2407,0.2361,0.2361,2241035,USD
2020-07-21,0.2353,0.241,0.2342,0.2397,3136404,USD
2020-07-22,0.2397,0.2559,0.2397,0.2559,5303419,USD
2020-07-23,0.2561,0.2636,0.2559,0.2583,5315716,USD
2020-07-24,0.2583,0.2583,0.2473,0.2513,3616479,USD
2020-07-25,0.2513,0.2619,0.2509,0.2591,3622844,USD
2020-07-26,0.2591,0.2596,0.2482,0.2511,4027750,USD
2020-07-27,0.2511,0.2511,0.2274,0.2418,6211938,USD
2020-07-28,0.2418,0.2509,0.2417,0.2509,2086728,USD
2020-07-29,0.2509,0.2582,0.2477,0.2482,2950970,USD
2020-07-30,0.2477,0.2573,0.246,0.2573,1941555,USD
2020-07-31,0.2573,0.2706,0.2505,0.2697,5718625,USD
2020-08-01,0.2696,0.316,0.2678,0.316,17031108,USD
2020-08-02,0.3164,0.3164,0.2742,0.2803,8866054,USD
2020-08-03,0.2807,0.2936,0.2807,0.2871,4488141,USD
2020-08-04,0.287,0.3317,0.287,0.3317,11227414,USD
2020-08-05,0.332,0.332,0.3113,0.3133,8531696,USD
2020-08-06,0.3133,0.318,0.309,0.3178,4827820,USD
2020-08-07,0.3178,0.3244,0.3016,0.3073,4496117,USD
2020-08-08,0.3075,0.33,0.3075,0.33,3192458,USD
2020-08-09,0.3309,0.3309,0.3151,0.3212,3766129,USD
2020-08-10,0.3212,0.3851,0.32,0.3722,13166378,USD
2020-08-11,0.3724,0.3843,0.3451,0.356,9765901,USD
2020-08-12,0.3559,0.4046,0.3391,0.4046,11408918,USD
2020-08-13,0.4053,0.4159,0.3686,0.3961,19456456,USD
2020-08-14,0.3965,0.4048,0.3858,0.4,10610779,USD
2020-08-15,0.4,0.4,0.3838,0.3838,4905975,USD
2020-08-16,0.3841,0.396,0.3758,0.396,7614969,USD
2020-08-17,0.3958,0.4049,0.386,0.386,7861083,USD
2020-08-18,0.3862,0.4382,0.3853,0.4356,15276936,USD
2020-08-19,0.437,0.4467,0.4035,0.4035,18023668,USD
2020-08-20,0.4039,0.4554,0.4039,0.4554,10774988,USD
2020-08-21,0.454,0.467,0.4199,0.4199,19403432,USD
2020-08-22,0.4205,0.4493,0.4199,0.4493,9265378,USD
2020-08-23,0.4496,0.4855,0.4471,0.4855,11606303,USD
2020-08-24,0.4849,0.5655,0.4845,0.5535,31122876,USD
2020-08-25,0.5531,0.5531,0.4848,0.5068,20734548,USD
2020-08-26,0.5075,0.5303,0.4923,0.4951,18016784,USD
2020-08-27,0.4946,0.4964,0.4396,0.4494,14346682,USD
2020-08-28,0.4492,0.4776,0.4444,0.4748,7355026,USD
2020-08-29,0.4753,0.5168,0.4719,0.5048,6848846,USD
2020-08-30,0.5041,0.5335,0.4973,0.4973,7151044,USD
2020-08-31,0.4983,0.5118,0.4768,0.4768,5685368,USD
2020-09-01,0.4768,0.5004,0.4739,0.4878,8600434,USD
2020-09-02,0.4882,0.4968,0.4643,0.4745,9386062,USD
2020-09-03,0.4743,0.4811,0.3988,0.3988,12192637,USD
2020-09-04,0.3997,0.4247,0.3868,0.4247,9491549,USD
2020-09-05,0.4248,0.4466,0.3736,0.3938,9365510,USD
2020-09-06,0.3937,0.4275,0.3861,0.4275,6700152,USD
2020-09-07,0.4272,0.4318,0.3844,0.4152,5821790,USD
2020-09-08,0.4151,0.418,0.3924,0.3984,5786230,USD
2020-09-09,0.399,0.4775,0.399,0.4775,7211888,USD
2020-09-10,0.4775,0.4967,0.4745,0.4873,5570529,USD
2020-09-11,0.4875,0.5002,0.4646,0.5002,4288498,USD
2020-09-12,0.5009,0.5484,0.5009,0.5484,6277492,USD
2020-09-13,0.5488,0.5488,0.4964,0.5417,4553128,USD
2020-09-14,0.5422,0.5548,0.5254,0.528,5579626,USD
2020-09-15,0.5285,0.5477,0.5243,0.5367,3669863,USD
2020-09-16,0.5359,0.5359,0.5012,0.5264,5124927,USD
2020-09-17,0.526,0.5587,0.5106,0.5587,5808898,USD
2020-09-18,0.5598,0.5852,0.5547,0.5764,7895975,USD
2020-09-19,0.576,0.603,0.5656,0.5797,8139767,USD
2020-09-20,0.578,0.5857,0.5557,0.5567,4729076,USD
2020-09-21,0.5563,0.5847,0.5353,0.5696,7816712,USD
2020-09-22,0.5707,0.5769,0.5434,0.5746,4735152,USD
2020-09-23,0.5742,0.5882,0.5533,0.5533,8268302,USD
2020-09-24,0.5544,0.6374,0.5544,0.6374,6254762,USD
2020-09-25,0.6378,0.669,0.6347,0.666,8669330,USD
2020-09-26,0.6663,0.7174,0.6641,0.6963,6836841,USD
2020-09-27,0.6968,0.7479,0.6902,0.7479,8764142,USD
2020-09-28,0.7483,0.7509,0.7098,0.7166,7337665,USD
2020-09-29,0.7141,0.7792,0.7141,0.7792,6183670,USD
2020-09-30,0.7788,0.7958,0.7281,0.7481,10647385,USD
2020-10-01,0.7488,0.7534,0.6887,0.728,6072484,USD
2020-10-02,0.7256,0.7305,0.6659,0.6986,7147976,USD
2020-10-03,0.6984,0.7515,0.6905,0.7515,6179718,USD
2020-10-04,0.7505,0.7784,0.7292,0.7715,6506250,USD
2020-10-05,0.7678,0.7678,0.7437,0.7437,4682411,USD
2020-10-06,0.7451,0.7451,0.6789,0.6852,6466810,USD
2020-10-07,0.6849,0.739,0.6716,0.739,7319536,USD
2020-10-08,0.7396,0.7396,0.6997,0.7194,5147295,USD
2020-10-09,0.7191,0.7239,0.697,0.7148,4622519,USD
2020-10-10,0.7139,0.7657,0.7139,0.7657,5652118,USD
2020-10-11,0.7661,0.7661,0.7377,0.7438,4397485,USD
2020-10-12,0.7461,0.7467,0.7291,0.7323,3766057,USD
2020-10-13,0.7326,0.762,0.7326,0.7535,3927567,USD
2020-10-14,0.7535,0.7601,0.7217,0.7344,3281300,USD
2020-10-15,0.735,0.735,0.6852,0.688,4167907,USD
2020-10-16,0.6884,0.6986,0.6606,0.6606,3969873,USD
2020-10-17,0.6604,0.6604,0.6151,0.6245,4247057,USD
2020-10-18,0.6241,0.6699,0.6241,0.6699,2946881,USD
2020-10-19,0.67,0.67,0.628,0.6323,3211678,USD
2020-10-20,0.6323,0.6349,0.5809,0.5974,5060907,USD
2020-10-21,0.5978,0.6507,0.5978,0.6386,4961557,USD
2020-10-22,0.6376,0.6669,0.6376,0.654,2970713,USD
2020-10-23,0.6543,0.6555,0.6271,0.6445,2966677,USD
2020-10-24,0.6456,0.7269,0.6374,0.7218,5036652,USD
2020-10-25,0.7214,0.7214,0.6957,0.6957,3040884,USD
2020-10-26,0.6956,0.7068,0.6539,0.6542,3633611,USD
2020-10-27,0.6539,0.6621,0.6453,0.6596,2797072,USD
2020-10-28,0.6599,0.6599,0.6095,0.6238,3761873,USD
2020-10-29,0.6233,0.6284,0.5917,0.5934,2826952,USD
2020-10-30,0.5937,0.6191,0.5904,0.6104,5718649,USD
2020-10-31,0.61,0.6141,0.6009,0.61,2707457,USD
2020-11-01,0.6094,0.6122,0.5909,0.6114,2254693,USD
2020-11-02,0.6116,0.6313,0.589,0.589,3613793,USD
2020-11-03,0.589,0.589,0.5695,0.5824,2955413,USD
2020-11-04,0.5823,0.5913,0.5536,0.5913,2577530,USD
2020-11-05,0.5926,0.6284,0.5797,0.6284,2831833,USD
2020-11-06,0.628,0.6796,0.628,0.6782,3308877,USD
2020-11-07,0.6789,0.7062,0.6317,0.6381,4817989,USD
2020-11-08,0.6385,0.6663,0.6385,0.6645,1866210,USD
2020-11-09,0.6642,0.6721,0.6214,0.6408,3457883,USD
2020-11-10,0.6428,0.6438,0.6339,0.6403,2386771,USD
2020-11-11,0.6407,0.6462,0.6107,0.6107,2176431,USD
2020-11-12,0.6108,0.6208,0.5964,0.6016,2447346,USD
2020-11-13,0.601,0.6305,0.5953,0.6305,2615017,USD
2020-11-14,0.6315,0.6317,0.6042,0.6116,1872144,USD
2020-11-15,0.6128,0.6158,0.6004,0.6027,1370299,USD
2020-11-16,0.6031,0.6292,0.5974,0.6194,1396395,USD
2020-11-17,0.6192,0.6541,0.6192,0.6541,2530318,USD
2020-11-18,0.6536,0.6613,0.6139,0.623,2160701,USD
2020-11-19,0.623,0.6389,0.6225,0.6225,1682275,USD
2020-11-20,0.6223,0.6454,0.6223,0.6441,2544704,USD
2020-11-21,0.6446,0.7013,0.6391,0.7013,6222248,USD
2020-11-22,0.7018,0.7018,0.6325,0.65,4822334,USD
2020-11-23,0.6502,0.6827,0.6502,0.665,3634029,USD
2020-11-24,0.665,0.7088,0.665,0.692,6414316,USD
2020-11-25,0.6914,0.7337,0.6914,0.6953,4121028,USD
2020-11-26,0.6941,0.6941,0.5893,0.6197,5074784,USD
2020-11-27,0.6204,0.6332,0.5883,0.6067,2236487,USD
2020-11-28,0.6066,0.6321,0.5917,0.6246,932040,USD
2020-11-29,0.6244,0.6244,0.6007,0.6182,1420952,USD
2020-11-30,0.6184,0.6429,0.6137,0.6429,2736191,USD
2020-12-01,0.6433,0.653,0.6047,0.6125,3098681,USD
2020-12-02,0.6135,0.6434,0.6122,0.6315,1834195,USD
2020-12-03,0.6314,0.6642,0.6314,0.6642,1265281,USD
2020-12-04,0.6637,0.6969,0.6637,0.667,4976552,USD
2020-12-05,0.6663,0.7385,0.6663,0.7385,3181152,USD
2020-12-06,0.7375,0.7409,0.6902,0.6993,2725317,USD
2020-12-07,0.7002,0.7002,0.6719,0.6825,1462114,USD
2020-12-08,0.6826,0.7465,0.6826,0.7465,7540399,USD
2020-12-09,0.7425,0.748,0.7204,0.725,9083532,USD
2020-12-10,0.7242,0.7242,0.6806,0.6806,2645202,USD
2020-12-11,0.6825,0.6858,0.6514,0.6801,2332291,USD
2020-12-12,0.6799,0.7089,0.6799,0.692,1251463,USD
2020-12-13,0.6934,0.7327,0.6884,0.7292,1860911,USD
2020-12-14,0.7294,0.7594,0.7241,0.7525,2631363,USD
2020-12-15,0.7525,0.7639,0.7359,0.7639,1813397,USD
2020-12-16,0.7638,0.8569,0.7423,0.8569,4064969,USD
2020-12-17,0.8561,0.8878,0.8142,0.8142,5466572,USD
2020-12-18,0.8147,0.9071,0.8147,0.9071,3110502,USD
2020-12-19,0.9073,0.9387,0.9004,0.9004,2961900,USD
2020-12-20,0.9004,0.9418,0.8775,0.9137,2447713,USD
2020-12-21,0.9146,0.9472,0.9074,0.9286,3169453,USD
2020-12-22,0.9264,1.0844,0.9264,1.0844,10431109,USD
2020-12-23,1.0833,1.1586,1.0237,1.0679,8803877,USD
2020-12-24,1.0672,1.1881,1.0536,1.1881,5103624,USD
2020-12-25,1.186,1.2957,1.1853,1.2853,6353736,USD
2020-12-26,1.2826,1.6927,1.2826,1.6666,10617981,USD
2020-12-27,1.6686,1.6711,1.3493,1.3493,12383787,USD
2020-12-28,1.3488,1.5547,1.3488,1.5547,6164935,USD
2020-12-29,1.5573,1.5582,1.3748,1.4332,4476113,USD
2020-12-30,1.432,1.5973,1.4291,1.5973,4551455,USD
2020-12-31,1.5942,1.8785,1.5833,1.8612,7216939,USD
2021-01-01,1.8626,2.1942,1.8626,1.9632,14329333,USD
2021-01-02,1.9714,2.42,1.9714,2.3972,12662173,USD
2021-01-03,2.403,2.403,2.0664,2.1258,7852778,USD
2021-01-04,2.1314,2.206,1.8877,1.9585,9175313,USD
2021-01-05,1.9669,2.3481,1.9669,2.1344,8705906,USD
2021-01-06,2.1345,2.2569,2.1345,2.1745,7383841,USD
2021-01-07,2.1686,2.1686,1.9131,1.9926,5412935,USD
2021-01-08,1.9958,2.0098,1.8153,1.9928,5403349,USD
2021-01-09,1.9865,2.1248,1.914,2.0387,4477814,USD
2021-01-10,2.0381,2.0769,1.913,1.9873,4020192,USD
2021-01-11,1.9878,1.9878,1.6408,1.816,6851641,USD
2021-01-12,1.8168,1.9464,1.8168,1.8199,4787463,USD
2021-01-13,1.8215,2.1216,1.7959,2.0973,4424878,USD
2021-01-14,2.0967,2.1925,2.0207,2.1925,4836810,USD
2021-01-15,2.1901,2.1901,1.9907,2.0563,3954599,USD
2021-01-16,2.0529,2.1617,2.0397,2.0461,4170639,USD
2021-01-17,2.043,2.0853,1.9808,2.0078,3131977,USD
2021-01-18,2.01,2.0666,1.985,2.0452,2269147,USD
2021-01-19,2.0444,2.0927,2.0026,2.0026,2295109,USD
2021-01-20,2.0067,2.0327,1.8863,2.0327,2455808,USD
2021-01-21,2.032,2.032,1.7431,1.7431,2524616,USD
2021-01-22,1.7468,1.9638,1.7261,1.8989,3878091,USD
2021-01-23,1.8976,1.9758,1.8976,1.9295,2861896,USD
2021-01-24,1.9301,1.9602,1.9226,1.9504,3259513,USD
2021-01-25,1.9495,2.186,1.9495,2.0762,10358971,USD
2021-01-26,2.0749,2.3129,2.0749,2.289,10858022,USD
2021-01-27,2.2767,2.2767,1.9779,1.995,5257302,USD
2021-01-28,1.9885,2.0561,1.9885,1.9902,4427246,USD
2021-01-29,1.9896,2.1287,1.9896,2.0573,5973767,USD
2021-01-30,2.0564,2.0564,2.0017,2.0032,2688369,USD
2021-01-31,2.0019,2.0161,1.9104,1.9104,30470516,USD
2021-02-01,1.9108,2.0384,1.891,2.0384,6319535,USD
2021-02-02,2.035,2.1681,2.01,2.1512,10217010,USD
2021-02-03,2.1561,2.2688,2.1526,2.1857,4253453,USD
2021-02-04,2.1888,2.2034,2.1275,2.1275,4343303,USD
2021-02-05,2.1276,2.4924,2.1276,2.4406,8959646,USD
2021-02-06,2.4317,2.4317,2.2764,2.2777,4457413,USD
2021-02-07,2.2801,2.291,2.2033,2.291,4324071,USD
2021-02-08,2.2929,2.9096,2.2929,2.9096,12294851,USD
2021-02-09,2.9219,2.9658,2.8446,2.9059,7508438,USD
2021-02-10,2.9229,2.94,2.7525,2.8337,7357164,USD
2021-02-11,2.8337,3.0024,2.813,2.925,5766502,USD
2021-02-12,2.9299,2.9969,2.9277,2.9962,4445821,USD
2021-02-13,2.9962,3.3611,2.9962,3.3432,7762170,USD
2021-02-14,3.3536,3.4812,3.17,3.1834,5654565,USD
2021-02-15,3.2111,3.5924,3.0753,3.3839,10928298,USD
2021-02-16,3.3971,3.4822,3.3054,3.4043,4530936,USD
2021-02-17,3.4053,3.5452,3.3447,3.5088,3917728,USD
2021-02-18,3.5106,3.5953,3.5054,3.5617,2735570,USD
2021-02-19,3.5636,3.7537,3.5407,3.708,3223258,USD
2021-02-20,3.7095,3.7901,3.6608,3.6816,5074863,USD
2021-02-21,3.6816,3.6958,3.5264,3.5741,2399712,USD
2021-02-22,3.5744,3.5744,3.1611,3.3304,5913559,USD
2021-02-23,3.3342,3.3342,2.8395,3.0624,5829301,USD
2021-02-24,3.0608,3.4313,3.0608,3.3211,4898607,USD
2021-02-25,3.3195,3.4055,2.9861,2.9861,3400369,USD
2021-02-26,2.9941,3.1227,2.9927,3.0577,2812718,USD
2021-02-27,3.0576,3.2334,3.0576,3.15,2230191,USD
2021-02-28,3.1543,3.1543,2.8663,3.129,2447168,USD
2021-03-01,3.1398,3.2834,3.1231,3.2834,2027039,USD
2021-03-02,3.2847,3.7774,3.2645,3.7016,7851988,USD
2021-03-03,3.7087,3.9918,3.7087,3.9918,4742999,USD
2021-03-04,3.9816,4.4596,3.8862,4.4596,9635340,USD
2021-03-05,4.4652,4.5688,4.0883,4.126,9385157,USD
2021-03-06,4.1304,4.1568,3.9214,4.1544,3913016,USD
2021-03-07,4.15,4.4806,4.15,4.3366,4036599,USD
2021-03-08,4.3413,4.9545,4.298,4.9203,6402517,USD
2021-03-09,4.9228,5.4011,4.9228,5.3559,6144402,USD
2021-03-10,5.3826,6.5295,5.3826,6.5295,8838481,USD
2021-03-11,6.516,7.964,6.4029,7.0383,16825050,USD
2021-03-12,7.0527,7.2154,6.4002,6.9361,12153043,USD
2021-03-13,6.9313,6.985,6.5132,6.8317,5890319,USD
2021-03-14,6.8308,7.609,6.6477,7.366,9037880,USD
2021-03-15,7.3455,7.5068,6.73,6.73,5696181,USD
2021-03-16,6.7788,7.452,6.6404,7.0167,6615163,USD
2021-03-17,6.9983,7.8569,6.9335,7.8569,4287804,USD
2021-03-18,7.8716,8.4222,7.5034,8.4222,6616324,USD
2021-03-19,8.4115,8.7651,8.2092,8.2092,6907386,USD
2021-03-20,8.21,8.4654,8.21,8.3075,3612114,USD
2021-03-21,8.3076,9.6278,8.3076,9.6278,8326993,USD
2021-03-22,9.6475,10.7181,9.6475,10.0231,14027310,USD
2021-03-23,10.0555,13.3308,10.0555,12.8463,29041284,USD
2021-03-24,12.9037,14.4904,11.2481,11.2481,24144328,USD
2021-03-25,11.2146,13.1678,11.0,13.1678,18014740,USD
2021-03-26,13.1771,13.4505,12.1945,12.5818,9110132,USD
2021-03-27,12.6251,12.6251,11.7371,11.7987,5268300,USD
2021-03-28,11.8084,12.8732,11.8084,12.8732,6858724,USD
2021-03-29,12.8661,13.6602,12.8661,13.1302,6343973,USD
2021-03-30,13.1415,13.1415,12.8117,12.9015,3172232,USD
2021-03-31,12.9001,13.14,12.1494,12.3062,5308683,USD
2021-04-01,12.3357,12.3357,11.5077,11.5077,4822980,USD
2021-04-02,11.5168,12.0968,11.4357,11.6787,3910197,USD
2021-04-03,11.6918,12.4675,11.3437,11.3903,3940610,USD
2021-04-04,11.3634,11.7878,11.3634,11.7878,2436090,USD
2021-04-05,11.8178,11.8178,11.4115,11.5906,2804317,USD
2021-04-06,11.5938,11.7159,11.4753,11.7159,2861510,USD
2021-04-07,11.7524,13.5481,11.7524,12.2674,14097779,USD
2021-04-08,12.2611,13.2413,12.0697,12.92,5071303,USD
2021-04-09,12.9148,12.9148,12.4839,12.6318,4069444,USD
2021-04-10,12.6508,12.8292,12.1971,12.3759,2432336,USD
2021-04-11,12.4202,12.4202,12.0528,12.2024,2026173,USD
2021-04-12,12.236,12.2364,11.9499,12.1279,1774201,USD
2021-04-13,12.1298,12.4365,12.0243,12.4365,3037404,USD
2021-04-14,12.4153,12.6353,11.6709,12.1387,5429658,USD
2021-04-15,12.1993,12.5665,12.0082,12.5665,2390911,USD
2021-04-16,12.5928,14.2437,12.1636,14.1949,14835439,USD
2021-04-17,14.1322,14.8149,13.2112,13.2906,7542431,USD
2021-04-18,13.2808,13.2808,10.8562,11.763,14251724,USD
2021-04-19,11.7917,12.2119,10.7335,10.8068,6824237,USD
2021-04-20,10.8241,11.7848,10.2374,11.7448,7890585,USD
2021-04-21,11.7492,11.9507,11.0192,11.0192,4384443,USD
2021-04-22,11.0505,11.1746,9.927,9.927,4799493,USD
2021-04-23,9.8828,9.9564,7.9518,9.9346,14648867,USD
2021-04-24,9.9351,9.9351,8.6656,8.6656,4452086,USD
2021-04-25,8.6732,9.6191,8.6181,9.1694,4512489,USD
2021-04-26,9.106,11.0254,9.106,10.7528,6788345,USD
2021-04-27,10.7051,11.6039,10.7051,11.2627,3657774,USD
2021-04-28,11.2697,11.2699,10.9618,11.0559,3220797,USD
2021-04-29,11.0473,11.2265,10.6217,10.8975,3024485,USD
2021-04-30,10.9027,11.1893,10.8946,11.1827,2404332,USD
2021-05-01,11.1833,11.5733,11.1833,11.4798,2561001,USD
2021-05-02,11.5109,11.5109,10.9438,10.9476,2136260,USD
2021-05-03,10.9414,11.9629,10.9414,11.4567,4591851,USD
2021-05-04,11.4953,11.4953,10.0873,10.3506,5124578,USD
2021-05-05,10.609,10.9887,10.609,10.9887,3723117,USD
2021-05-06,11.0149,11.2582,10.8039,10.862,3668735,USD
2021-05-07,10.8676,12.6351,10.8676,11.4992,7765369,USD
2021-05-08,11.5042,12.8535,11.5042,12.2917,7116239,USD
2021-05-09,12.3046,12.567,11.8275,11.9529,4286900,USD
2021-05-10,11.9557,11.9944,10.4803,10.4803,5254048,USD
2021-05-11,10.4637,10.8479,10.4021,10.8479,3304289,USD
2021-05-12,10.8437,11.1284,9.0606,9.0606,5067097,USD
2021-05-13,9.1462,9.9952,9.1462,9.781,6874255,USD
2021-05-14,9.7851,10.3161,9.7851,9.9906,3916991,USD
2021-05-15,9.9969,9.9969,9.329,9.329,2850091,USD
2021-05-16,9.3408,10.1065,9.2734,9.4273,4481089,USD
2021-05-17,9.4189,10.0257,8.9341,9.682,6628915,USD
2021-05-18,9.6922,10.1695,9.6625,9.7767,2796912,USD
2021-05-19,9.8062,9.8062,5.8963,5.8963,16667900,USD
2021-05-20,5.8621,7.8975,5.7143,7.2852,11986182,USD
2021-05-21,7.2813,7.3571,6.1266,6.3703,8014710,USD
2021-05-22,6.362,7.1293,5.8591,6.8783,7466265,USD
2021-05-23,6.9002,7.0867,5.2159,5.9233,11143837,USD
2021-05-24,5.9136,6.737,5.9136,6.737,5841841,USD
2021-05-25,6.7567,6.8921,6.3233,6.8921,6248161,USD
2021-05-26,6.9448,7.8975,6.7633,7.637,6508073,USD
2021-05-27,7.6572,7.9116,7.0431,7.8762,5622636,USD
2021-05-28,7.8434,8.2836,6.5504,6.5504,10290803,USD
2021-05-29,6.558,6.9014,6.1259,6.3209,4658772,USD
2021-05-30,6.3313,6.7746,5.9653,6.538,3796213,USD
2021-05-31,6.5036,7.112,6.1396,7.112,3516910,USD
2021-06-01,7.0899,7.6837,7.0899,7.5068,6482849,USD
2021-06-02,7.5081,8.0277,7.5081,7.9498,3169304,USD
2021-06-03,7.9441,9.5564,7.9441,9.5564,6583467,USD
2021-06-04,9.5824,9.5824,8.5273,8.897,14254250,USD
2021-06-05,8.8502,9.7552,8.8502,8.9464,8018114,USD
2021-06-06,8.946,9.1707,8.6154,8.8345,3557841,USD
2021-06-07,8.8523,9.5872,8.7233,8.7233,7642861,USD
2021-06-08,8.7073,9.0019,8.3926,8.9326,7648000,USD
2021-06-09,8.9295,9.421,8.6614,9.3782,5809277,USD
2021-06-10,9.385,9.385,8.686,8.7314,3588109,USD
2021-06-11,8.7413,8.7413,7.9088,7.954,3323305,USD
2021-06-12,7.9525,7.9525,7.5388,7.8107,3607286,USD
2021-06-13,7.8116,8.7614,7.7436,8.7614,3384284,USD
2021-06-14,8.7896,9.21,8.7845,9.0601,4173531,USD
2021-06-15,9.066,9.178,8.9101,8.918,2217238,USD
2021-06-16,8.9041,9.0016,8.6784,8.966,2373524,USD
2021-06-17,8.9736,9.532,8.9736,9.4984,3576746,USD
2021-06-18,9.5196,9.8615,8.6289,8.9725,4926088,USD
2021-06-19,8.9803,9.0955,8.7292,8.829,2195949,USD
2021-06-20,8.8296,8.8595,8.3246,8.697,2268380,USD
2021-06-21,8.7023,8.7023,6.515,6.515,5291583,USD
2021-06-22,6.529,6.9787,5.6158,6.4369,8926631,USD
2021-06-23,6.4892,7.1936,6.4892,6.9213,5410789,USD
2021-06-24,6.9283,7.305,6.6325,7.305,3824683,USD
2021-06-25,7.306,7.317,6.6648,6.6905,4282071,USD
2021-06-26,6.665,6.7766,6.2021,6.5514,4000528,USD
2021-06-27,6.5575,6.9081,6.3907,6.9081,2644967,USD
2021-06-28,6.924,7.0394,6.7911,6.9155,2349036,USD
2021-06-29,6.9215,7.3159,6.9215,7.0651,2514348,USD
2021-06-30,7.1214,7.1214,6.5575,6.9107,3093876,USD
2021-07-01,6.916,6.916,6.1754,6.2939,2589131,USD
2021-07-02,6.2998,6.3873,5.8449,6.2495,2501512,USD
2021-07-03,6.2451,6.3333,6.0712,6.3135,1210952,USD
2021-07-04,6.3636,6.4982,6.2828,6.3347,1528165,USD
2021-07-05,6.3374,6.3374,5.9377,5.9377,2118341,USD
2021-07-06,5.95,6.2199,5.95,6.1578,1899886,USD
2021-07-07,6.1167,6.6485,6.1167,6.3671,2481635,USD
2021-07-08,6.3664,6.8085,6.0314,6.1498,5870900,USD
2021-07-09,6.1381,6.193,5.7492,6.0694,2195458,USD
2021-07-10,6.0653,6.1956,5.794,5.902,1193672,USD
2021-07-11,5.8973,5.9975,5.7421,5.9295,960661,USD
2021-07-12,5.9407,5.99,5.4395,5.5713,1483911,USD
2021-07-13,5.5623,5.5796,5.2067,5.2841,1300708,USD
2021-07-14,5.2851,5.2948,4.7139,5.1652,2227783,USD
2021-07-15,5.1667,5.2267,4.7427,4.8676,2406200,USD
2021-07-16,4.8679,4.9651,4.3858,4.4147,3011350,USD
2021-07-17,4.413,4.6379,4.3219,4.4325,2334691,USD
2021-07-18,4.4409,4.6234,4.3463,4.4297,2308671,USD
2021-07-19,4.4347,4.4594,3.9681,4.062,2581582,USD
2021-07-20,4.0723,4.1821,3.5061,3.6548,3624668,USD
2021-07-21,3.651,4.5916,3.5561,4.3862,3834985,USD
2021-07-22,4.4196,4.9454,4.2241,4.845,4320118,USD
2021-07-23,4.8441,5.0424,4.5046,5.0,3287731,USD
2021-07-24,5.0146,5.6016,4.888,5.5213,5830023,USD
2021-07-25,6.2551,6.5574,5.9764,6.1315,9804667,USD
2021-07-26,6.1274,6.7424,5.5618,5.6406,6686123,USD
2021-07-27,5.6375,6.1215,5.2892,5.9839,4713597,USD
2021-07-28,5.9716,6.1859,5.6173,5.8047,3215744,USD
2021-07-29,5.8075,6.0997,5.6416,6.0346,2362169,USD
2021-07-30,6.034,6.1122,5.6667,5.9733,1794261,USD
2021-07-31,5.9812,6.2826,5.7985,6.0791,2229077,USD
2021-08-01,6.0986,6.2887,5.6997,5.7604,2042085,USD
2021-08-02,5.7596,5.9681,5.6446,5.83,1414224,USD
2021-08-03,5.8266,5.9455,5.5582,5.9151,1567357,USD
2021-08-04,5.9179,6.1872,5.7756,6.067,1615302,USD
2021-08-05,6.067,7.174,5.9565,7.174,3873380,USD
2021-08-06,7.1054,7.288,6.8541,6.8901,3536510,USD
2021-08-07,6.9021,7.1805,6.7139,6.9374,3083727,USD
2021-08-08,6.9335,7.065,6.2715,6.412,2134951,USD
2021-08-09,6.4127,6.9314,6.1264,6.769,2552442,USD
2021-08-10,6.7652,7.0933,6.6143,6.9377,1965742,USD
2021-08-11,6.9385,7.5846,6.9209,7.1643,2633682,USD
2021-08-12,7.1481,7.449,6.5333,6.7643,2242869,USD
2021-08-13,6.7698,7.3081,6.666,7.1622,2281936,USD
2021-08-14,7.1631,7.583,7.0243,7.2193,2369327,USD
2021-08-15,7.2193,7.5606,6.9625,7.46,2341835,USD
2021-08-16,7.4595,8.3276,7.3141,7.5989,4967664,USD
2021-08-17,7.6045,8.0853,6.8201,6.9717,4035162,USD
2021-08-18,6.9833,7.1762,6.5639,6.8493,4055403,USD
2021-08-19,6.8449,7.2056,6.6298,7.1559,1901285,USD
2021-08-20,7.151,7.4193,7.0292,7.2719,1568476,USD
2021-08-21,7.2756,7.6798,7.1235,7.2617,2505516,USD
2021-08-22,7.2653,7.5301,7.062,7.3415,1915666,USD
2021-08-23,7.344,7.9263,7.3166,7.8331,2688979,USD
2021-08-24,7.8309,8.1484,6.9207,7.0653,3887253,USD
2021-08-25,7.0588,7.3229,6.7342,7.2107,2279528,USD
2021-08-26,7.2107,7.2803,6.3563,6.5252,1952111,USD
2021-08-27,6.5283,6.9739,6.3223,6.953,1441991,USD
2021-08-28,6.9511,6.9701,6.7144,6.9163,665831,USD
2021-08-29,6.9177,7.079,6.7363,6.9162,1474382,USD
2021-08-30,6.9163,6.9364,6.503,6.5833,1325151,USD
2021-08-31,6.5844,6.7797,6.4167,6.6626,1675929,USD
2021-09-01,6.6615,7.1855,6.5015,7.1028,2320057,USD
2021-09-02,7.1116,7.2372,6.9098,7.0249,1717589,USD
2021-09-03,7.025,7.3611,6.9017,7.2412,1919777,USD
2021-09-04,7.2566,7.7175,7.2036,7.5156,2900917,USD
2021-09-05,7.5156,8.2675,7.404,8.1976,3864330,USD
2021-09-06,8.1924,9.5195,7.7555,9.2217,6497769,USD
2021-09-07,9.2134,9.7351,5.959,6.9902,12112734,USD
2021-09-08,7.0441,7.1779,6.1313,6.7707,5466273,USD
2021-09-09,6.8162,7.4187,6.5682,6.9851,3671280,USD
2021-09-10,6.9901,7.3151,6.2907,6.4528,3012493,USD
2021-09-11,6.4612,6.6858,6.3129,6.4494,1642038,USD
2021-09-12,6.4499,6.8326,6.2643,6.5951,1986235,USD
2021-09-13,6.588,6.652,5.7379,6.1309,3106564,USD
2021-09-14,6.1232,6.4749,6.0659,6.4473,1821931,USD
2021-09-15,6.4673,7.1096,6.4485,6.8618,3308152,USD
2021-09-16,6.8688,6.8988,6.4501,6.6568,1816011,USD
2021-09-17,6.6544,6.7022,6.22,6.3086,1285266,USD
2021-09-18,6.3191,6.5843,6.2249,6.3697,1067210,USD
2021-09-19,6.3688,6.3711,5.9628,6.0996,1290708,USD
2021-09-20,6.0994,6.1005,4.9507,5.1539,3250074,USD
2021-09-21,5.1573,5.6538,4.7563,5.0169,4306453,USD
2021-09-22,5.0191,5.6821,4.9389,5.5736,2035961,USD
2021-09-23,5.5737,5.8441,5.3983,5.7062,2015764,USD
2021-09-24,5.7055,5.7638,4.9099,5.1776,2319884,USD
2021-09-25,5.1787,5.2751,5.0143,5.0989,1408960,USD
2021-09-26,5.0989,5.2522,4.7497,5.1077,2532704,USD
2021-09-27,5.0972,5.2922,5.033,5.1802,1661860,USD
